Date,EEM,GLD,SPY,TLT,VNQ,VXUS
2015-01-02,30.198083877563477,114.08000183105469,169.26747131347656,91.56645202636719,51.642822265625,34.354373931884766
2015-01-05,29.660654067993164,115.80000305175781,166.21058654785156,93.00485229492188,51.92546463012695,33.599002838134766
2015-01-06,29.536022186279297,117.12000274658203,164.64505004882812,94.68055725097656,52.440513610839844,33.342472076416016
2015-01-07,30.174715042114258,116.43000030517578,166.69677734375,94.49356079101562,53.24449157714844,33.73440933227539
2015-01-08,30.68880271911621,115.94000244140625,169.65478515625,93.24212646484375,53.445526123046875,34.16195297241211
2015-01-09,30.58753776550293,117.26000213623047,168.2952117919922,94.2634048461914,53.470619201660156,34.01944351196289
2015-01-12,30.338293075561523,118.55999755859375,166.97683715820312,94.80281066894531,53.878902435302734,33.884056091308594
2015-01-13,30.60312271118164,118.16000366210938,166.5072479248047,94.80281066894531,53.7972412109375,34.062198638916016
2015-01-14,30.4317569732666,117.97000122070312,165.5020294189453,95.52195739746094,54.26204299926758,33.9196662902832
2015-01-15,30.501873016357422,120.94000244140625,163.9859161376953,97.02503967285156,54.387657165527344,34.16195297241211
2015-01-16,30.75889778137207,122.5199966430664,166.13644409179688,95.78807830810547,54.858726501464844,34.49688720703125
2015-01-20,30.71216583251953,124.19999694824219,166.49069213867188,97.06104278564453,54.42536926269531,34.53963851928711
2015-01-21,31.389801025390625,124.2300033569336,167.3311767578125,95.93907928466797,54.387657165527344,34.867435455322266
2015-01-22,31.989566802978516,125.2300033569336,169.819580078125,95.5938949584961,55.35492706298828,35.10259246826172
2015-01-23,31.74811363220215,124.2300033569336,168.8885040283203,96.92434692382812,55.19790267944336,34.86031723022461
2015-01-26,31.76369285583496,122.98999786376953,169.2840118408203,96.62952423095703,55.662696838378906,35.230857849121094
2015-01-27,31.592323303222656,124.4000015258789,167.05105590820312,96.78050994873047,55.68156433105469,35.19524002075195
2015-01-28,31.24960708618164,123.41999816894531,164.90872192382812,98.3626937866211,55.31095504760742,34.73915481567383
2015-01-29,31.24960708618164,120.76000213623047,166.43316650390625,97.71548461914062,55.50568771362305,35.07408142089844
2015-01-30,30.39281463623047,123.44999694824219,164.34019470214844,99.44872283935547,54.3625373840332,34.53963851928711
2015-02-02,30.93805503845215,122.41999816894531,166.37539672851562,99.07323455810547,54.21806716918945,35.052711486816406
2015-02-03,31.52222442626953,121.05000305175781,168.78140258789062,96.97616577148438,54.689151763916016,35.594295501708984
2015-02-04,31.36644744873047,121.58000183105469,168.13870239257812,97.1419448852539,54.463016510009766,35.309242248535156
2015-02-05,31.553382873535156,121.79000091552734,169.83602905273438,96.07540130615234,55.11625671386719,35.71543884277344
2015-02-06,31.015933990478516,118.63999938964844,169.36639404296875,94.37470245361328,53.514583587646484,35.230857849121094
2015-02-09,30.96919822692871,119.16999816894531,168.6083984375,94.22335052490234,53.137733459472656,35.15247344970703
2015-02-10,30.891313552856445,118.47000122070312,170.40463256835938,93.473876953125,53.30729293823242,35.33062744140625
2015-02-11,30.665422439575195,117.06999969482422,170.5034942626953,93.64683532714844,53.15028762817383,35.15959548950195
2015-02-12,31.31970977783203,117.33999633789062,172.1431427001953,93.33696746826172,53.78467559814453,35.729671478271484
2015-02-13,31.678007125854492,117.9800033569336,172.8517608642578,92.37849426269531,53.42665481567383,35.96485137939453
2015-02-17,31.607908248901367,116.01000213623047,173.12368774414062,90.98765563964844,53.294769287109375,36.078853607177734
2015-02-18,31.600107192993164,116.33999633789062,173.1401824951172,91.5281982421875,53.79096221923828,36.22136688232422
2015-02-19,31.46770668029785,115.94000244140625,173.0165557861328,90.9228286743164,52.635250091552734,36.17861557006836
2015-02-20,31.678007125854492,115.27999877929688,174.05477905273438,91.18946838378906,53.14398956298828,36.44941329956055
2015-02-23,31.35865592956543,115.43000030517578,174.03001403808594,92.2343978881836,53.57114028930664,36.29975891113281
2015-02-24,31.81041717529297,115.26000213623047,174.5244140625,93.445068359375,52.51590347290039,36.52778625488281
2015-02-25,31.74811363220215,115.69999694824219,174.3761444091797,93.84860229492188,52.52845001220703,36.60616683959961
2015-02-26,31.75589942932129,116.06999969482422,174.17015075683594,92.56591796875,51.956871032714844,36.542030334472656
2015-02-27,31.73253059387207,116.16000366210938,173.57684326171875,93.34420776367188,52.36515426635742,36.53492736816406
2015-03-02,31.685792922973633,115.68000030517578,174.67276000976562,91.60548400878906,52.66666793823242,36.53492736816406
2015-03-03,31.4443416595459,115.47000122070312,173.95590209960938,91.27339172363281,52.5661506652832,36.34963607788086
2015-03-04,31.10161590576172,115.11000061035156,173.22254943847656,91.30224609375,52.063655853271484,36.17149353027344
2015-03-05,31.05488395690918,115.0,173.412109375,91.18672943115234,52.21441650390625,36.1928825378418
2015-03-06,30.579750061035156,111.86000061035156,170.97311401367188,89.17220306396484,50.4808464050293,35.694053649902344
2015-03-09,30.46291732788086,111.97000122070312,171.68173217773438,89.99537658691406,50.88282012939453,35.71543884277344
2015-03-10,29.7852725982666,111.41999816894531,168.896728515625,91.17951202392578,50.845149993896484,34.96720504760742
2015-03-11,30.011152267456055,110.75,168.5011749267578,91.84375,50.889102935791016,35.05982971191406
2015-03-12,30.198083877563477,110.72000122070312,170.64361572265625,91.7787857055664,51.77474594116211,35.44464111328125
2015-03-13,29.832006454467773,110.87999725341797,169.5970916748047,91.49726104736328,51.74331283569336,35.202362060546875
2015-03-16,30.190305709838867,110.80999755859375,171.86300659179688,92.37808990478516,52.2772216796875,35.57291030883789
2015-03-17,30.540800094604492,110.20999908447266,171.35208129882812,93.14344787597656,52.25836944580078,35.558650970458984
2015-03-18,31.28855323791504,112.37000274658203,173.412109375,94.94135284423828,53.35129928588867,36.314002990722656
2015-03-19,30.75889778137207,112.29000091552734,172.62106323242188,94.45757293701172,53.3261604309082,35.8721923828125
2015-03-20,31.218456268310547,113.56999969482422,174.14471435546875,94.95575714111328,54.664031982421875,36.577674865722656
2015-03-23,31.311925888061523,114.29000091552734,173.80540466308594,94.84024047851562,54.594940185546875,36.748695373535156
2015-03-24,31.436548233032227,114.56999969482422,172.8288116455078,95.75724029541016,54.13014602661133,36.76294708251953
2015-03-25,30.93805503845215,114.7300033569336,170.29620361328125,94.94853973388672,53.19624710083008,36.3969841003418
2015-03-26,30.64984893798828,115.4800033569336,169.89065551757812,93.46839141845703,52.918216705322266,36.1896858215332
2015-03-27,30.735525131225586,115.05999755859375,170.2796173095703,94.63082885742188,52.98771667480469,36.21827697753906
2015-03-30,31.32750129699707,113.75,172.35707092285156,94.16153717041016,53.745967864990234,36.36838912963867
2015-03-31,31.257404327392578,113.66000366210938,170.8507537841797,94.36371612548828,53.272056579589844,35.98955154418945
2015-04-01,31.6468505859375,115.5999984741211,170.24655151367188,95.6031265258789,53.19624710083008,36.27546691894531
2015-04-02,32.121986389160156,115.27999877929688,170.8590087890625,94.59017181396484,53.60064697265625,36.6042594909668
2015-04-06,32.5347900390625,116.69000244140625,172.00941467285156,94.0619888305664,54.156654357910156,37.01884460449219
2015-04-07,32.3712272644043,116.11000061035156,171.5542449951172,94.85064697265625,53.20256805419922,36.99739456176758
2015-04-08,33.04887008666992,115.47000122070312,172.13357543945312,94.87963104248047,53.28470993041992,37.26901626586914
2015-04-09,33.376014709472656,114.66999816894531,172.89498901367188,93.64956665039062,52.178932189941406,37.41196823120117
2015-04-10,33.399383544921875,115.97000122070312,173.83851623535156,93.78703308105469,52.141048431396484,37.45485305786133
2015-04-13,33.20465850830078,115.13999938964844,173.05226135253906,93.91728973388672,52.00202941894531,37.2475700378418
2015-04-14,33.3526496887207,114.44000244140625,173.3833465576172,94.58292388916016,52.18524932861328,37.53348922729492
2015-04-15,33.586326599121094,115.43000030517578,174.1613311767578,94.50336456298828,51.793521881103516,37.75508117675781
2015-04-16,33.851139068603516,115.02999877929688,174.11167907714844,94.03302764892578,51.926204681396484,37.898033142089844
2015-04-17,33.259178161621094,115.5999984741211,172.1088104248047,95.1111068725586,51.68610763549805,37.390533447265625
2015-04-20,33.228023529052734,114.72000122070312,173.68125915527344,94.27177429199219,51.761924743652344,37.41196823120117
2015-04-21,33.422752380371094,115.37999725341797,173.47439575195312,93.84490966796875,51.850379943847656,37.69074249267578
2015-04-22,33.78104019165039,113.83000183105469,174.32687377929688,92.41227722167969,51.957801818847656,37.79795837402344
2015-04-23,34.0302848815918,114.66000366210938,174.76547241210938,92.81027221679688,52.09680938720703,37.9909553527832
2015-04-24,34.15491485595703,113.05000305175781,175.17108154296875,93.38906860351562,52.204246520996094,38.15536117553711
2015-04-27,34.28732681274414,115.33000183105469,174.4427490234375,93.38906860351562,52.13473129272461,38.355491638183594
2015-04-28,34.34185028076172,116.33000183105469,174.99728393554688,92.10115814208984,52.033626556396484,38.398380279541016
2015-04-29,33.91346740722656,115.51000213623047,174.2771759033203,90.9724349975586,50.984745025634766,38.10532760620117
2015-04-30,33.399383544921875,113.47000122070312,172.53086853027344,91.131591796875,50.15700149536133,37.719329833984375
2015-05-01,33.60189437866211,113.08000183105469,174.4013214111328,89.90482330322266,50.536109924316406,38.01239013671875
2015-05-04,33.796627044677734,114.0999984741211,174.89791870117188,89.05653381347656,50.58665084838867,38.08387756347656
2015-05-05,33.430538177490234,114.41999816894531,172.89498901367188,88.93327331542969,49.487220764160156,37.56208801269531
2015-05-06,33.01771926879883,114.36000061035156,172.18325805664062,87.41070556640625,49.3924560546875,37.54064178466797
2015-05-07,32.97098922729492,113.41999816894531,172.87020874023438,88.58523559570312,50.150691986083984,37.390533447265625
2015-05-08,33.39159393310547,113.97000122070312,175.14620971679688,88.82452392578125,50.85204315185547,38.126766204833984
2015-05-11,33.07223892211914,113.52999877929688,174.31024169921875,86.66389465332031,50.087501525878906,37.81940460205078
2015-05-12,32.963199615478516,114.5,173.78887939453125,86.88866424560547,50.2391357421875,37.790802001953125
2015-05-13,33.025508880615234,116.55000305175781,173.82196044921875,86.19261932373047,49.75891876220703,37.99809265136719
2015-05-14,33.3526496887207,117.18000030517578,175.63455200195312,86.42467498779297,50.719364166259766,38.44842529296875
2015-05-15,33.609683990478516,117.52999877929688,175.82489013671875,88.15748596191406,51.23746109008789,38.55564498901367
2015-05-18,33.266971588134766,117.5199966430664,176.3711395263672,86.67840576171875,51.10479736328125,38.36978530883789
2015-05-19,33.321495056152344,115.88999938964844,176.31321716308594,85.90985107421875,50.9278564453125,38.262577056884766
2015-05-20,33.298126220703125,116.08000183105469,176.18905639648438,86.05487060546875,50.88362503051758,38.31260681152344
2015-05-21,33.181297302246094,115.69000244140625,176.70211791992188,87.25843048095703,50.643531799316406,38.469844818115234
2015-05-22,33.29033660888672,115.5999984741211,176.2800750732422,87.29469299316406,50.58034133911133,38.29117202758789
2015-05-26,32.76068115234375,113.91000366210938,174.38473510742188,88.78825378417969,50.19492721557617,37.64070510864258
2015-05-27,32.768470764160156,113.88999938964844,176.04006958007812,88.99127197265625,50.68775177001953,37.9266242980957
2015-05-28,32.3400764465332,114.0199966430664,175.84140014648438,88.77376556396484,50.58665084838867,37.747920989990234
2015-05-29,32.02851104736328,114.0999984741211,174.74896240234375,88.96951293945312,50.00536346435547,37.3762321472168
2015-06-01,31.903886795043945,114.0,175.1048583984375,88.0133285522461,50.61824035644531,37.26186752319336
2015-06-02,32.02851104736328,114.45999908447266,174.9310302734375,86.78538513183594,50.150691986083984,37.46915054321289
2015-06-03,31.864944458007812,113.63999938964844,175.39450073242188,85.3902587890625,49.430355072021484,37.59067153930664
2015-06-04,31.38202476501465,112.83999633789062,173.9130401611328,86.50199890136719,49.33559036254883,37.14750289916992
2015-06-05,31.2418155670166,112.23999786376953,173.6150360107422,85.44841003417969,48.78586196899414,36.82585906982422
2015-06-08,31.234025955200195,112.56999969482422,172.54739379882812,85.35394287109375,48.6973991394043,36.747230529785156
2015-06-09,31.04709243774414,112.81999969482422,172.52261352539062,84.67817687988281,48.34355926513672,36.5756721496582
2015-06-10,31.498851776123047,113.77999877929688,174.5916748046875,83.93707275390625,48.68477249145508,37.254722595214844
2015-06-11,31.343080520629883,113.26000213623047,175.15447998046875,85.70268249511719,48.981746673583984,37.304752349853516
2015-06-12,31.343080520629883,113.2300033569336,173.81369018554688,85.70268249511719,48.9375114440918,37.061737060546875
2015-06-15,30.992572784423828,113.7300033569336,173.06886291503906,85.84078216552734,48.67213439941406,36.81155014038086
2015-06-16,31.00035858154297,113.31999969482422,174.01229858398438,86.5165023803711,49.06388854980469,36.818695068359375
2015-06-17,31.187297821044922,113.8499984741211,174.29373168945312,85.84805297851562,49.48090744018555,36.79010772705078
2015-06-18,31.475486755371094,115.31999969482422,176.10629272460938,85.42658996582031,50.16331481933594,37.12604904174805
2015-06-19,31.202871322631836,115.12000274658203,175.32449340820312,86.52375030517578,49.77787399291992,36.95451354980469
2015-06-22,31.654640197753906,113.63999938964844,176.22271728515625,84.75814056396484,49.266090393066406,37.59067153930664
2015-06-23,31.96619987487793,112.88999938964844,176.3474578857422,84.24952697753906,48.8553581237793,37.740779876708984
2015-06-24,31.740324020385742,112.58999633789062,175.0666961669922,84.97613525390625,48.58999252319336,37.447715759277344
2015-06-25,31.631244659423828,112.44000244140625,174.53440856933594,84.67817687988281,48.097137451171875,37.404823303222656
2015-06-26,31.333057403564453,112.55999755859375,174.50119018554688,83.72637939453125,48.443077087402344,37.373756408691406
2015-06-29,30.634674072265625,113.06999969482422,170.84181213378906,85.94248962402344,47.6899299621582,36.3408317565918
2015-06-30,31.089799880981445,112.37000274658203,171.19947814941406,85.34671020507812,47.6707878112793,36.35527038574219
2015-07-01,31.066255569458008,111.9800033569336,172.57167053222656,84.19468688964844,48.455833435058594,36.53583908081055
2015-07-02,31.21535301208496,111.76000213623047,172.4136199951172,84.47135925292969,48.57710647583008,36.6225471496582
2015-07-06,30.344337463378906,112.05999755859375,171.92298889160156,86.03700256347656,48.883453369140625,35.84962844848633
2015-07-07,29.88921546936035,110.76000213623047,173.00413513183594,86.84532165527344,49.649356842041016,35.74127960205078
2015-07-08,28.861249923706055,111.08999633789062,170.1016082763672,87.59535217285156,49.45787811279297,34.79500961303711
2015-07-09,29.418386459350586,111.36000061035156,170.40933227539062,85.86955261230469,49.221736907958984,35.33677673339844
2015-07-10,30.163860321044922,111.48999786376953,172.55506896972656,84.5077896118164,49.63022232055664,36.31193161010742
2015-07-13,30.367876052856445,110.98999786376953,174.45956420898438,84.24562072753906,49.70042419433594,36.47084426879883
2015-07-14,30.422801971435547,110.73999786376953,175.21640014648438,84.52235412597656,49.80253601074219,36.7164306640625
2015-07-15,30.07754135131836,110.16000366210938,175.15811157226562,85.41802215576172,49.88550567626953,36.49974060058594
2015-07-16,30.454200744628906,109.76000213623047,176.5636749267578,86.0079116821289,50.28760528564453,36.774227142333984
2015-07-17,30.414960861206055,108.6500015258789,176.71337890625,86.45207977294922,50.10890579223633,36.70199203491211
2015-07-20,30.21878433227539,105.69999694824219,176.80487060546875,86.08796691894531,50.16633605957031,36.738101959228516
2015-07-21,30.226633071899414,105.37000274658203,176.1062774658203,86.55403900146484,50.02592086791992,36.673095703125
2015-07-22,29.795053482055664,104.80000305175781,175.79025268554688,87.09288024902344,50.24294662475586,36.348045349121094
2015-07-23,29.50470542907715,104.33000183105469,174.80055236816406,88.17793273925781,49.6174430847168,36.218017578125
2015-07-24,29.080965042114258,105.3499984741211,172.987548828125,88.3963851928711,49.828060150146484,35.76294708251953
2015-07-27,28.531681060791016,104.86000061035156,171.98118591308594,88.86973571777344,49.91741943359375,35.46678924560547
2015-07-28,28.822023391723633,105.0199966430664,174.0937042236328,88.22161865234375,49.94932556152344,35.87852478027344
2015-07-29,29.10451316833496,105.16999816894531,175.29132080078125,87.89395141601562,50.27485656738281,36.015777587890625
2015-07-30,28.814172744750977,104.2699966430664,175.3328094482422,88.57115936279297,50.02592086791992,35.957984924316406
2015-07-31,29.128053665161133,104.93000030517578,175.0666961669922,89.2265853881836,50.42163848876953,36.15300750732422
2015-08-03,28.641538619995117,104.0999984741211,174.4761962890625,90.165771484375,50.734375,35.957984924316406
2015-08-04,28.743549346923828,104.30999755859375,174.13519287109375,89.4505615234375,50.36420440673828,35.97966003417969
2015-08-05,28.751394271850586,103.93000030517578,174.7091064453125,88.7791976928711,50.03230667114258,36.189117431640625
2015-08-06,28.50029182434082,104.38999938964844,173.27862548828125,89.56739044189453,50.102508544921875,36.001319885253906
2015-08-07,28.48459815979004,104.6500015258789,172.9459991455078,90.7423324584961,50.28760528564453,35.97242736816406
2015-08-10,28.963266372680664,105.72000122070312,175.12489318847656,89.61843872070312,50.128047943115234,36.434722900390625
2015-08-11,28.32765007019043,106.26000213623047,173.54470825195312,91.04154968261719,50.459922790527344,35.81351852416992
2015-08-12,27.88823127746582,107.75,173.75262451171875,90.5453109741211,50.61951446533203,35.58236312866211
2015-08-13,27.841142654418945,106.86000061035156,173.53643798828125,90.2533187866211,50.67692947387695,35.48846435546875
2015-08-14,27.88037872314453,106.8499984741211,174.16848754882812,90.46503448486328,50.951393127441406,35.52458190917969
2015-08-17,27.5743465423584,107.12999725341797,175.14154052734375,90.8736343383789,51.385398864746094,35.45956802368164
2015-08-18,27.276161193847656,107.11000061035156,174.63426208496094,90.15850067138672,51.52580642700195,35.1850700378418
2015-08-19,26.93874168395996,108.55000305175781,173.253662109375,91.04884338378906,51.21944046020508,34.83113098144531
2015-08-20,26.51500129699707,110.44000244140625,169.6358642578125,91.96837615966797,50.8428840637207,34.05100631713867
2015-08-21,25.69891357421875,111.12999725341797,164.52943420410156,92.2457046508789,49.89826965332031,33.23477554321289
2015-08-24,24.57679557800293,110.52999877929688,157.60165405273438,92.21646118164062,47.562278747558594,32.028465270996094
2015-08-25,24.890674591064453,109.16000366210938,155.74697875976562,90.73506164550781,46.253875732421875,32.2740592956543
2015-08-26,25.71460723876953,107.66999816894531,161.7266845703125,88.98352813720703,47.50484848022461,33.11918640136719
2015-08-27,26.852426528930664,107.7300033569336,165.72705078125,89.03462219238281,48.42391586303711,33.740413665771484
2015-08-28,26.507158279418945,108.69999694824219,165.7353515625,89.29732513427734,48.35370635986328,33.71151351928711
2015-08-31,26.554237365722656,108.81999969482422,164.39634704589844,88.61135864257812,47.24953079223633,33.465911865234375
2015-09-01,25.526281356811523,109.19999694824219,159.48951721191406,89.24986267089844,46.349609375,32.34629440307617
2015-09-02,25.895092010498047,108.62000274658203,162.51678466796875,88.48184967041016,46.82830810546875,32.82304000854492
2015-09-03,25.997100830078125,107.83999633789062,162.63327026367188,88.91339111328125,46.95594787597656,32.859153747558594
2015-09-04,25.22024917602539,107.48999786376953,160.17144775390625,89.72527313232422,46.08154296875,32.0645866394043
2015-09-08,26.02064323425293,107.5199966430664,164.1967010498047,88.40143585205078,46.77724075317383,33.00362014770508
2015-09-09,25.887245178222656,106.12999725341797,162.0011444091797,88.82566833496094,46.24110412597656,32.86637878417969
2015-09-10,26.154037475585938,106.37999725341797,162.88272094726562,88.22592163085938,46.34321212768555,33.07585144042969
2015-09-11,26.25604820251465,106.16000366210938,163.6229248046875,88.7817153930664,47.23040008544922,33.0614128112793
2015-09-14,26.216825485229492,106.22000122070312,163.01576232910156,88.92070007324219,47.25592803955078,32.89527130126953
2015-09-15,26.467920303344727,105.9000015258789,165.0533905029297,87.21659851074219,47.721839904785156,33.11195755004883
2015-09-16,27.11138153076172,107.30999755859375,166.48385620117188,86.8874740600586,48.232452392578125,33.66816329956055
2015-09-17,27.04859733581543,108.41000366210938,166.10960388183594,87.94792175292969,48.781349182128906,33.69705581665039
2015-09-18,26.546388626098633,109.20999908447266,163.3951416015625,89.30101776123047,48.698368072509766,32.90970993041992
2015-09-21,26.499309539794922,108.52999877929688,164.239501953125,87.84559631347656,49.11320877075195,32.93861389160156
2015-09-22,26.00494384765625,107.79000091552734,162.1077423095703,89.06700134277344,48.49412155151367,32.165706634521484
2015-09-23,25.589052200317383,108.22000122070312,161.8485107421875,89.05963134765625,48.798397064208984,31.970670700073242
2015-09-24,25.479204177856445,110.48999786376953,161.26332092285156,89.66667938232422,48.34070587158203,31.876779556274414
2015-09-25,25.424270629882812,109.80999755859375,161.2215118408203,88.89141845703125,48.53411102294922,32.090232849121094
2015-09-28,24.88282585144043,108.41999816894531,157.17532348632812,90.41272735595703,47.779884338378906,31.407764434814453
2015-09-29,25.00052833557129,107.9800033569336,157.26730346679688,90.66867065429688,48.289146423339844,31.473102569580078
2015-09-30,25.722455978393555,106.86000061035156,160.20164489746094,90.35420227050781,48.695247650146484,32.17734909057617
2015-10-01,25.863704681396484,106.7300033569336,160.61964416503906,90.7397232055664,48.933780670166016,32.24995040893555
2015-10-02,26.554237365722656,108.98999786376953,163.0189666748047,91.28936767578125,49.288330078125,32.89610290527344
2015-10-05,27.1270694732666,108.7699966430664,165.91983032226562,90.05078887939453,50.1198844909668,33.571311950683594
2015-10-06,27.079978942871094,109.86000061035156,165.35137939453125,90.43923950195312,50.003849029541016,33.56404495239258
2015-10-07,27.801908493041992,109.69999694824219,166.7056427001953,90.13871765136719,50.57756423950195,34.123085021972656
2015-10-08,28.10009765625,109.13999938964844,168.21043395996094,89.3838119506836,51.00300598144531,34.36267852783203
2015-10-09,28.202104568481445,110.87000274658203,168.3107452392578,89.61837768554688,50.91922378540039,34.457061767578125
2015-10-12,27.9902286529541,111.30999755859375,168.46963500976562,90.29997253417969,51.280208587646484,34.224727630615234
2015-10-13,27.535114288330078,111.86000061035156,167.4078826904297,90.45386505126953,50.88053894042969,33.74555969238281
2015-10-14,27.746978759765625,113.80999755859375,166.60533142089844,91.24539184570312,50.500205993652344,33.934326171875
2015-10-15,28.42182159423828,113.29000091552734,169.16348266601562,90.79832458496094,51.18996810913086,34.536930084228516
2015-10-16,28.445363998413086,112.48999786376953,169.93260192871094,90.82762908935547,51.57673645019531,34.522403717041016
2015-10-19,28.155029296875,112.0199966430664,170.01617431640625,90.57841491699219,52.298702239990234,34.29008865356445
2015-10-20,28.14717674255371,112.7300033569336,169.798828125,90.0214614868164,52.279380798339844,34.268306732177734
2015-10-21,27.73912811279297,111.7300033569336,168.74549865722656,90.91563415527344,52.08600997924805,34.10857391357422
2015-10-22,28.311965942382812,111.69000244140625,171.5962371826172,91.06952667236328,52.543697357177734,34.61678695678711
2015-10-23,28.47675132751465,111.5,173.47718811035156,90.29265594482422,52.034427642822266,34.87089157104492
2015-10-26,28.217802047729492,111.43000030517578,173.05084228515625,90.89358520507812,52.02154541015625,34.68212890625
2015-10-27,27.89606285095215,111.68000030517578,172.71649169921875,91.12084197998047,52.002193450927734,34.36267852783203
2015-10-28,27.5743465423584,110.77999877929688,174.68106079101562,90.75438690185547,52.047325134277344,34.5441780090332
2015-10-29,27.315393447875977,109.72000122070312,174.58071899414062,89.310546875,51.976409912109375,34.2392463684082
2015-10-30,27.362478256225586,109.30000305175781,173.8282928466797,89.98479461669922,51.49938201904297,34.18842697143555
2015-11-02,27.90392303466797,108.58999633789062,175.88485717773438,89.5712890625,52.59525680541992,34.55869674682617
2015-11-03,28.272729873657227,106.9800033569336,176.39483642578125,88.83682250976562,52.06664276123047,34.68212890625
2015-11-04,28.04517364501953,105.97000122070312,175.85975646972656,88.93963623046875,51.83460235595703,34.478843688964844
2015-11-05,28.092252731323242,105.63999938964844,175.6842498779297,88.70459747314453,52.04087829589844,34.34090042114258
2015-11-06,27.69989585876465,104.0999984741211,175.5922393798828,87.40454864501953,50.42283630371094,34.137611389160156
2015-11-09,27.009363174438477,104.4000015258789,173.95370483398438,86.9124526977539,49.559043884277344,33.77459716796875
2015-11-10,26.891658782958984,104.18000030517578,174.35501098632812,87.16950225830078,50.12635040283203,33.687469482421875
2015-11-11,26.946584701538086,103.83000183105469,173.66952514648438,86.98590087890625,50.18434524536133,33.7963752746582
2015-11-12,26.687637329101562,103.8499984741211,171.24510192871094,87.40454864501953,49.842674255371094,33.42611312866211
2015-11-13,26.318822860717773,103.55999755859375,169.32235717773438,87.90401458740234,49.275428771972656,33.09939956665039
2015-11-16,26.828882217407227,103.70999908447266,171.89718627929688,87.8232421875,49.842674255371094,33.55678939819336
2015-11-17,26.750411987304688,102.33999633789062,171.77175903320312,87.97014617919922,49.842674255371094,33.6293830871582
2015-11-18,27.04075050354004,102.43000030517578,174.49716186523438,88.15375518798828,50.281036376953125,33.94157791137695
2015-11-19,27.284013748168945,103.55999755859375,174.3467254638672,88.74130249023438,50.43573760986328,34.11582565307617
2015-11-20,27.558656692504883,103.08999633789062,174.98199462890625,88.46952819824219,51.06747817993164,34.11582565307617
2015-11-23,27.299697875976562,102.26000213623047,174.78135681152344,88.74130249023438,51.17707061767578,33.80364227294922
2015-11-24,27.440950393676758,102.94000244140625,175.01544189453125,88.73397827148438,50.90632247924805,33.868988037109375
2015-11-25,27.22907829284668,102.45999908447266,174.99037170410156,88.93963623046875,51.112613677978516,33.868988037109375
2015-11-27,26.632707595825195,101.25,175.19102478027344,88.85155487060547,51.55739974975586,33.72377014160156
2015-11-30,26.67194175720215,101.91999816894531,174.4636688232422,89.20409393310547,51.17707061767578,33.73828887939453
2015-12-01,26.875967025756836,102.27999877929688,176.12730407714844,90.40896606445312,51.88615417480469,34.0868034362793
2015-12-02,26.554237365722656,100.69000244140625,174.3299102783203,90.43844604492188,50.8289680480957,33.71650695800781
2015-12-03,26.405147552490234,101.76000213623047,171.88882446289062,87.97998809814453,50.029640197753906,33.56404495239258
2015-12-04,26.585628509521484,104.0199966430664,175.24114990234375,88.75283813476562,50.983699798583984,33.83993911743164
2015-12-07,26.146194458007812,102.66999816894531,174.1794891357422,89.61404418945312,50.841861724853516,33.491455078125
2015-12-08,25.855854034423828,102.83999633789062,173.0091094970703,89.658203125,50.79673767089844,32.99049377441406
2015-12-09,25.643983840942383,102.63999938964844,171.66311645507812,89.56249237060547,50.51311492919922,32.89610290527344
2015-12-10,25.47135353088379,102.55000305175781,172.10618591308594,89.68028259277344,50.15211486816406,32.84528732299805
2015-12-11,24.757272720336914,103.11000061035156,168.7705535888672,91.093505859375,50.0618782043457,32.15556716918945
2015-12-14,25.157470703125,101.79000091552734,169.62326049804688,89.91581726074219,50.293922424316406,32.2717399597168
2015-12-15,25.541969299316406,101.5199966430664,171.40399169921875,89.38585662841797,50.841861724853516,32.52583312988281
2015-12-16,26.0441837310791,102.75,173.9119110107422,89.19451904296875,51.83460235595703,33.186519622802734
2015-12-17,25.706758499145508,100.5,171.26185607910156,90.20289611816406,51.57673645019531,32.714603424072266
2015-12-18,25.620445251464844,102.04000091552734,168.21083068847656,90.70342254638672,50.97723388671875,32.475013732910156
2015-12-21,25.820476531982422,103.1500015258789,169.598388671875,90.68131256103516,51.17707061767578,32.699642181396484
2015-12-22,26.02767562866211,102.61000061035156,171.1373291015625,90.0262222290039,51.38335037231445,32.91915512084961
2015-12-23,26.394256591796875,102.30999755859375,173.25662231445312,89.3490219116211,51.91148376464844,33.47525405883789
2015-12-24,26.298633575439453,103.05000305175781,172.97068786621094,89.86096954345703,51.91148376464844,33.416717529296875
2015-12-28,26.115337371826172,102.2699966430664,172.575439453125,90.12648010253906,52.1990852355957,33.292327880859375
2015-12-29,26.13924217224121,102.19999694824219,174.41712951660156,88.62916564941406,52.754669189453125,33.58500289916992
2015-12-30,25.73280906677246,101.41999816894531,173.180908203125,88.5406723022461,52.57167434692383,33.314273834228516
2015-12-31,25.653120040893555,101.45999908447266,171.44851684570312,88.93891143798828,52.11412811279297,33.00697326660156
2016-01-04,24.951824188232422,102.88999938964844,169.0517578125,89.58068084716797,51.48663330078125,32.43622589111328
2016-01-05,25.00760841369629,103.18000030517578,169.3377227783203,89.21928405761719,52.48015213012695,32.37770080566406
2016-01-06,24.529449462890625,104.66999816894531,167.20167541503906,90.42153930664062,52.33634567260742,31.828929901123047
2016-01-07,23.772367477416992,106.1500015258789,163.19020080566406,90.58375549316406,51.31669616699219,31.17039680480957
2016-01-08,23.517353057861328,105.68000030517578,161.39894104003906,90.98945617675781,50.63036346435547,30.804542541503906
2016-01-11,23.509382247924805,104.73999786376953,161.5587921142578,89.99373626708984,50.917964935302734,30.87040138244629
2016-01-12,23.55719757080078,104.20999908447266,162.86221313476562,91.29190063476562,50.578067779541016,30.943572998046875
2016-01-13,23.31014633178711,104.72000122070312,158.8003387451172,92.19172668457031,49.852542877197266,30.51917839050293
2016-01-14,23.61298370361328,103.0199966430664,161.40736389160156,91.32874298095703,49.734886169433594,30.928939819335938
2016-01-15,22.68057632446289,104.08000183105469,157.9425048828125,92.75232696533203,49.3950080871582,29.73625946044922
2016-01-19,23.015283584594727,103.9800033569336,158.15277099609375,92.46464538574219,49.65646743774414,30.08748435974121
2016-01-20,22.513225555419922,105.37000274658203,156.1260223388672,93.43827056884766,48.32304382324219,29.348472595214844
2016-01-21,22.60088539123535,105.48999786376953,157.00067138671875,92.80393981933594,48.59103012084961,29.597251892089844
2016-01-22,23.373903274536133,105.0,160.22157287597656,92.44986724853516,49.944061279296875,30.482593536376953
2016-01-25,22.975439071655273,106.08000183105469,157.799560546875,92.95149230957031,49.63030242919922,29.97040557861328
2016-01-26,23.31014633178711,107.29000091552734,159.9524688720703,92.99569702148438,50.669593811035156,30.54844856262207
2016-01-27,23.23045539855957,107.69000244140625,158.21165466308594,92.97352600097656,49.68914031982422,30.40212059020996
2016-01-28,23.597047805786133,106.54000091552734,159.03582763671875,93.10639190673828,49.31002426147461,30.59967613220215
2016-01-29,24.362092971801758,106.94999694824219,162.91265869140625,93.89558410644531,50.32314682006836,31.206995010375977
2016-02-01,24.1309871673584,108.05000305175781,162.85382080078125,93.60813903808594,50.40813446044922,31.075275421142578
2016-02-02,23.34999656677246,108.08999633789062,159.9188232421875,95.34477996826172,49.95058822631836,30.365530014038086
2016-02-03,24.01144790649414,109.25,160.87754821777344,94.55403137207031,50.283935546875,30.753332138061523
2016-02-04,24.194744110107422,110.56999969482422,161.12982177734375,95.01219940185547,50.310096740722656,30.899669647216797
2016-02-05,23.915821075439453,112.31999969482422,158.060302734375,95.123046875,49.35578918457031,30.482593536376953
2016-02-08,23.589078903198242,113.83000183105469,155.93264770507812,97.17009735107422,47.943931579589844,29.941137313842773
2016-02-09,23.262338638305664,113.58000183105469,155.94100952148438,97.27352905273438,47.06153106689453,29.53138542175293
2016-02-10,23.35796546936035,114.45999908447266,155.8064422607422,98.13072204589844,47.38835525512695,29.524066925048828
2016-02-11,22.96747398376465,119.05999755859375,153.7797393798828,98.81803894042969,46.71510314941406,29.070425033569336
2016-02-12,23.365934371948242,118.36000061035156,156.95021057128906,97.17743682861328,47.25109100341797,29.553342819213867
2016-02-16,23.883939743041992,114.7699966430664,159.59927368164062,96.15023803710938,48.120418548583984,30.1679630279541
2016-02-17,24.354124069213867,115.4800033569336,162.20628356933594,95.55903625488281,48.53220748901367,30.753332138061523
2016-02-18,24.210678100585938,118.29000091552734,161.5419158935547,96.7340316772461,49.02243423461914,30.621633529663086
2016-02-19,24.099109649658203,117.58000183105469,161.46620178222656,96.81533813476562,49.303497314453125,30.51186752319336
2016-02-22,24.696805953979492,115.48999786376953,163.80409240722656,96.76362609863281,49.77412796020508,30.855754852294922
2016-02-23,24.17082977294922,117.22000122070312,161.73533630371094,97.15526580810547,49.64339065551758,30.394805908203125
2016-02-24,24.115039825439453,117.61000061035156,162.47540283203125,96.963134765625,49.584571838378906,30.321617126464844
2016-02-25,24.194744110107422,117.91999816894531,164.44329833984375,97.31048583984375,50.59769821166992,30.63625717163086
2016-02-26,23.95566177368164,117.11000061035156,164.06478881835938,96.37196350097656,50.33623123168945,30.54844856262207
2016-02-29,24.16286277770996,118.63999938964844,162.77810668945312,96.79314422607422,50.14015579223633,30.438692092895508
2016-03-01,25.02354621887207,117.7699966430664,166.6045379638672,95.08875274658203,51.55198669433594,31.302108764648438
2016-03-02,25.35825538635254,118.68000030517578,167.35296630859375,95.48119354248047,51.9245719909668,31.60209846496582
2016-03-03,25.645145416259766,120.7300033569336,168.00897216796875,95.82918548583984,52.1990852355957,31.938678741455078
2016-03-04,26.155179977416992,120.54000091552734,168.5555877685547,95.21464538574219,52.20562744140625,32.2752571105957
2016-03-07,26.115337371826172,121.13999938964844,168.6901092529297,95.18505096435547,52.3428955078125,32.23134994506836
2016-03-08,25.669055938720703,120.58000183105469,166.84844970703125,96.23636627197266,51.80690383911133,31.78502655029297
2016-03-09,25.82844352722168,119.58000183105469,167.67254638671875,95.65148162841797,52.094505310058594,32.0118522644043
2016-03-10,25.8682918548584,121.5,167.80709838867188,95.25907897949219,51.90495681762695,31.95331382751465
2016-03-11,26.41019630432129,119.41000366210938,170.51510620117188,94.29658508300781,53.06842803955078,32.77281951904297
2016-03-14,26.250816345214844,117.87000274658203,170.29640197753906,94.59272766113281,53.074947357177734,32.597206115722656
2016-03-15,25.876264572143555,117.95999908447266,170.0188751220703,94.68157196044922,53.10110092163086,32.239723205566406
2016-03-16,26.394256591796875,120.58999633789062,171.0028076171875,94.9629135131836,53.74166488647461,32.680152893066406
2016-03-17,26.97601890563965,120.12999725341797,172.08766174316406,95.35533905029297,54.4998779296875,33.03249740600586
2016-03-18,27.11947250366211,119.80000305175781,172.76390075683594,95.55521392822266,54.264556884765625,32.981109619140625
2016-03-21,27.175247192382812,118.95999908447266,173.009033203125,94.822265625,53.77478790283203,33.017826080322266
2016-03-22,27.111494064331055,119.30999755859375,172.9160614013672,94.80000305175781,53.77478790283203,32.95176315307617
2016-03-23,26.64927864074707,116.61000061035156,171.77488708496094,95.87359619140625,53.48398971557617,32.526004791259766
2016-03-24,26.585525512695312,116.33000183105469,171.69883728027344,95.91065216064453,53.503807067871094,32.34983825683594
2016-03-28,26.67319107055664,116.5999984741211,171.80030822753906,96.03650665283203,53.98630905151367,32.56270980834961
2016-03-29,27.039775848388672,118.76000213623047,173.389404296875,97.04339599609375,55.15617370605469,32.90036392211914
2016-03-30,27.318696975708008,117.0999984741211,174.15020751953125,96.02164459228516,55.05043029785156,33.23070526123047
2016-03-31,27.29479217529297,117.63999938964844,173.7275390625,96.70282745361328,55.38751983642578,32.97378158569336
2016-04-01,27.215103149414062,116.93000030517578,174.9109649658203,96.95507049560547,55.314823150634766,32.64345169067383
2016-04-04,26.88836097717285,116.1500015258789,174.34463500976562,97.01445770263672,55.235496520996094,32.50398254394531
2016-04-05,26.362384796142578,117.66000366210938,172.6033172607422,98.07539367675781,54.87196731567383,31.938764572143555
2016-04-06,26.681154251098633,116.94000244140625,174.48834228515625,97.36317443847656,55.00415802001953,32.43057632446289
2016-04-07,26.147216796875,118.61000061035156,172.40040588378906,98.5650634765625,54.66046142578125,31.931427001953125
2016-04-08,26.60146713256836,118.43000030517578,172.86534118652344,97.94186401367188,54.964500427246094,32.5847282409668
2016-04-11,26.94414710998535,120.02999877929688,172.45956420898438,97.8156967163086,54.85213088989258,32.64345169067383
2016-04-12,27.358545303344727,120.05000305175781,174.06564331054688,97.14055633544922,55.24870681762695,33.18665313720703
2016-04-13,27.84467315673828,118.7699966430664,175.8238983154297,97.48190307617188,55.00415802001953,33.67848205566406
2016-04-14,27.709196090698242,117.11000061035156,175.8323974609375,97.01445770263672,54.70011520385742,33.641780853271484
2016-04-15,27.5498104095459,117.91999816894531,175.63792419433594,97.84542846679688,55.10992431640625,33.56101989746094
2016-04-18,27.67731475830078,117.73999786376953,176.8721160888672,97.42249298095703,55.37430953979492,33.81793975830078
2016-04-19,28.099685668945312,119.58000183105469,177.4300079345703,97.11832427978516,55.40073013305664,34.43455505371094
2016-04-20,27.972179412841797,118.97000122070312,177.5990447998047,96.04991912841797,54.46218490600586,34.361148834228516
2016-04-21,27.693260192871094,119.41999816894531,176.64393615722656,95.47865295410156,53.49058532714844,34.14093780517578
2016-04-22,27.525896072387695,117.88999938964844,176.64393615722656,95.2337875366211,54.07225036621094,34.118900299072266
2016-04-25,27.350574493408203,118.2300033569336,176.33953857421875,94.84060668945312,54.52167510986328,33.95008087158203
2016-04-26,27.64543914794922,118.69999694824219,176.6016387939453,94.41028594970703,54.733154296875,34.08953857421875
2016-04-27,27.812788009643555,119.04000091552734,176.96507263183594,95.3525390625,54.70011520385742,34.19231414794922
2016-04-28,27.525896072387695,121.29000091552734,175.35903930664062,95.74571990966797,54.587745666503906,33.79591751098633
2016-04-29,27.406360626220703,123.6500015258789,174.41229248046875,95.99059295654297,54.08546447753906,33.68581008911133
2016-05-02,27.334636688232422,123.23999786376953,175.79855346679688,95.0241470336914,54.924842834472656,33.906028747558594
2016-05-03,26.561613082885742,122.95999908447266,174.26852416992188,96.22100830078125,55.010780334472656,33.22336196899414
2016-05-04,26.131275177001953,122.20999908447266,173.2964630126953,96.74890899658203,55.79729461669922,32.841644287109375
2016-05-05,26.123308181762695,122.06999969482422,173.26263427734375,97.3956298828125,55.955936431884766,32.79761505126953
2016-05-06,26.16315460205078,123.18000030517578,173.89666748046875,96.97933197021484,56.57062530517578,32.88568115234375
2016-05-09,25.82844352722168,120.6500015258789,174.04031372070312,97.28411102294922,57.19190216064453,32.70952224731445
2016-05-10,26.32253646850586,120.9800033569336,176.20431518554688,97.29157257080078,57.18529510498047,33.245384216308594
2016-05-11,26.258785247802734,122.12000274658203,174.55587768554688,97.84170532226562,55.96257019042969,33.02516174316406
2016-05-12,26.187063217163086,121.16000366210938,174.60670471191406,97.3956298828125,56.28640365600586,33.02516174316406
2016-05-13,25.716873168945312,121.70999908447266,173.0851593017578,98.33978271484375,55.78408432006836,32.577388763427734
2016-05-16,26.02767562866211,121.80000305175781,174.79261779785156,97.4923095703125,56.312843322753906,33.05452346801758
2016-05-17,25.90813446044922,122.22000122070312,173.16123962402344,97.6559066772461,55.26854705810547,32.8049430847168
2016-05-18,25.653120040893555,120.0999984741211,173.21192932128906,96.26563262939453,54.40270233154297,32.75356674194336
2016-05-19,25.414039611816406,119.87000274658203,172.6117401123047,96.68195343017578,53.794620513916016,32.50398254394531
2016-05-20,25.669055938720703,119.70999908447266,173.7022247314453,96.7563247680664,54.2242431640625,32.76825714111328
2016-05-23,25.621238708496094,119.37000274658203,173.4655303955078,96.97186279296875,54.23085403442383,32.65079116821289
2016-05-24,25.884227752685547,117.30000305175781,175.71397399902344,96.54072570800781,54.905025482177734,33.091224670410156
2016-05-25,26.195030212402344,116.9800033569336,176.9058837890625,96.17644500732422,54.905025482177734,33.43624496459961
2016-05-26,26.370351791381836,116.58000183105469,176.9565887451172,96.67451477050781,55.010780334472656,33.51698303222656
2016-05-27,26.362384796142578,115.62000274658203,177.71743774414062,96.5333023071289,55.30820083618164,33.443580627441406
2016-05-31,26.394256591796875,116.05999755859375,177.37928771972656,96.76373291015625,55.30158233642578,33.35548400878906
2016-06-01,26.37832260131836,115.94000244140625,177.74276733398438,97.15633392333984,55.34785842895508,33.36283874511719
2016-06-02,26.59349250793457,115.66999816894531,178.2837371826172,97.85661315917969,55.632076263427734,33.42890167236328
2016-06-03,26.99993324279785,118.87999725341797,177.75123596191406,99.24959564208984,55.85679626464844,33.729862213134766
2016-06-06,27.286819458007812,118.91999816894531,178.65574645996094,98.51213836669922,55.427154541015625,33.97943115234375
2016-06-07,27.53387451171875,118.81999969482422,178.9346160888672,98.75053405761719,55.76425552368164,34.26571273803711
2016-06-08,27.73310089111328,120.58000183105469,179.51791381835938,99.27944946289062,56.12118148803711,34.3905143737793
2016-06-09,27.414337158203125,121.25,179.27272033691406,99.9201431274414,56.24675750732422,33.935394287109375
2016-06-10,26.720998764038086,121.73999786376953,177.57369995117188,100.40433502197266,55.98236846923828,33.02516174316406
2016-06-13,26.34644889831543,122.63999938964844,176.20431518554688,100.85130310058594,55.995601654052734,32.555362701416016
2016-06-14,26.258785247802734,122.7699966430664,175.8577117919922,100.77679443359375,55.85016632080078,32.1667594909668
2016-06-15,26.537704467773438,123.68000030517578,175.61257934570312,101.16415405273438,56.378944396972656,32.419403076171875
2016-06-16,26.44207763671875,122.37999725341797,176.13668823242188,101.6558609008789,56.696205139160156,32.389671325683594
2016-06-17,26.513797760009766,123.94999694824219,175.48072814941406,101.0226058959961,56.60364532470703,32.63487243652344
2016-06-20,26.983983993530273,123.20999908447266,176.61085510253906,99.94244384765625,56.6829719543457,33.38534927368164
2016-06-21,27.19118881225586,120.83999633789062,177.1121368408203,99.48054504394531,56.8990592956543,33.608272552490234
2016-06-22,27.260263442993164,120.9000015258789,176.82325744628906,99.6444320678711,56.812355041503906,33.60083770751953
2016-06-23,27.91887664794922,120.11000061035156,179.12591552734375,98.50472259521484,57.09910583496094,34.48507308959961
2016-06-24,26.22414779663086,126.0,172.69371032714844,101.1492691040039,56.592288970947266,31.81751823425293
2016-06-27,25.886808395385742,126.68000030517578,169.60079956054688,103.67462158203125,56.63227462768555,31.245370864868164
2016-06-28,26.649839401245117,125.31999969482422,172.65966796875,103.89069366455078,57.826019287109375,32.025577545166016
2016-06-29,27.32451629638672,125.83999633789062,175.59970092773438,103.09356689453125,58.52626037597656,32.65716552734375
2016-06-30,27.597604751586914,126.47000122070312,177.99583435058594,103.4734878540039,59.13312911987305,33.05098342895508
2016-07-01,27.862655639648438,128.41000366210938,178.36972045898438,104.91020965576172,59.15311813354492,33.14015197753906
2016-07-05,27.268299102783203,129.47000122070312,177.08663940429688,106.22367095947266,59.806705474853516,32.567996978759766
2016-07-06,27.196002960205078,130.22999572753906,178.14878845214844,106.39532470703125,59.54659652709961,32.50114440917969
2016-07-07,27.12372398376465,129.74000549316406,178.03831481933594,106.38786315917969,58.93307113647461,32.36738586425781
2016-07-08,27.710050582885742,130.52000427246094,180.68942260742188,107.17154693603516,59.8867301940918,32.92466354370117
2016-07-11,27.97510528564453,129.2899932861328,181.32664489746094,106.231201171875,60.28684997558594,33.3259162902832
2016-07-12,28.368671417236328,127.1500015258789,182.64373779296875,104.48472595214844,60.280147552490234,33.786598205566406
2016-07-13,28.320470809936523,128.32000732421875,182.6181640625,105.71621704101562,60.61362838745117,33.7791633605957
2016-07-14,28.7301082611084,127.33000183105469,183.63783264160156,104.17875671386719,60.073455810546875,34.0689582824707
2016-07-15,28.665847778320312,126.83999633789062,183.39146423339844,103.2831802368164,60.093467712402344,33.92778778076172
2016-07-18,28.922863006591797,127.04000091552734,183.88426208496094,103.1861572265625,60.25350570678711,34.04667663574219
2016-07-19,28.625688552856445,127.20999908447266,183.69732666015625,103.7683334350586,60.546932220458984,33.73459243774414
2016-07-20,28.770252227783203,125.38999938964844,184.46209716796875,103.20106506347656,60.55362319946289,34.00209045410156
2016-07-21,28.68190574645996,127.30000305175781,183.76531982421875,103.41006469726562,60.67363357543945,33.97236633300781
2016-07-22,28.89073944091797,126.3499984741211,184.58953857421875,103.58920288085938,61.2071647644043,34.024383544921875
2016-07-25,28.601593017578125,125.47000122070312,184.08824157714844,103.51453399658203,61.09377670288086,33.91291809082031
2016-07-26,28.82648468017578,126.0,184.17320251464844,103.67875671386719,60.79367446899414,34.054115295410156
2016-07-27,28.922863006591797,128.02999877929688,183.97775268554688,104.96986389160156,60.32019805908203,34.21757888793945
2016-07-28,28.930896759033203,127.66000366210938,184.1901397705078,104.77584838867188,60.88037872314453,34.210140228271484
2016-07-29,29.08350372314453,128.97999572753906,184.48757934570312,105.64905548095703,61.65395736694336,34.54451370239258
2016-08-01,29.02728271484375,129.22000122070312,184.33460998535156,104.50355529785156,61.78733825683594,34.38105392456055
2016-08-02,28.81845474243164,130.27000427246094,183.153564453125,103.42693328857422,60.80036926269531,34.24728775024414
2016-08-03,28.914836883544922,129.64999389648438,183.6888427734375,103.48670196533203,60.4469108581543,34.187862396240234
2016-08-04,29.075481414794922,129.8699951171875,183.88426208496094,104.26434326171875,60.20012664794922,34.37362289428711
2016-08-05,29.412818908691406,127.55000305175781,185.3882598876953,103.1801528930664,60.240150451660156,34.52965545654297
2016-08-08,29.621646881103516,127.44000244140625,185.2777557373047,103.37455749511719,60.34686279296875,34.65598678588867
2016-08-09,29.822439193725586,127.95999908447266,185.3882598876953,104.39138793945312,60.67363357543945,34.92348098754883
2016-08-10,29.830472946166992,128.55999755859375,184.9293670654297,104.79517364501953,60.60694885253906,34.99034881591797
2016-08-11,30.216001510620117,127.66999816894531,185.78761291503906,103.8605728149414,59.92005920410156,35.272708892822266
2016-08-12,30.10355567932129,127.4000015258789,185.62615966796875,104.73539733886719,60.173484802246094,35.146400451660156
2016-08-15,30.416807174682617,127.83999633789062,186.16148376464844,103.7484130859375,60.113468170166016,35.36187744140625
2016-08-16,30.28025245666504,128.47000122070312,185.20138549804688,103.47174835205078,59.3931999206543,35.235557556152344
2016-08-17,30.087491989135742,128.5,185.54971313476562,104.09239196777344,59.63330841064453,35.235557556152344
2016-08-18,30.368610382080078,129.11000061035156,185.966064453125,104.25685119628906,59.4132194519043,35.42131423950195
2016-08-19,30.199934005737305,127.97000122070312,185.6941375732422,103.71102142333984,59.03310775756836,35.183536529541016
2016-08-22,29.7983455657959,127.77999877929688,185.68565368652344,104.58580017089844,59.35320281982422,35.13896942138672
2016-08-23,29.677865982055664,127.76000213623047,186.0595245361328,104.69794464111328,59.38654327392578,35.242984771728516
2016-08-24,29.75818634033203,126.33999633789062,185.10784912109375,104.45128631591797,59.12645721435547,35.1612548828125
2016-08-25,29.782278060913086,126.2300033569336,184.98037719726562,104.05494689941406,59.3931999206543,35.094383239746094
2016-08-26,29.52525520324707,126.05000305175781,184.6320037841797,103.4493408203125,58.80634689331055,34.841732025146484
2016-08-29,29.750158309936523,126.30000305175781,185.54119873046875,104.83257293701172,59.38654327392578,34.97549057006836
2016-08-30,29.669832229614258,125.02999877929688,185.23532104492188,104.4288101196289,59.27316665649414,34.87889099121094
2016-08-31,29.340526580810547,124.77999877929688,184.70852661132812,104.57840728759766,59.33318328857422,34.70055389404297
2016-09-01,29.565420150756836,125.29000091552734,184.7169952392578,104.69365692138672,59.186458587646484,34.92348098754883
2016-09-02,30.047332763671875,126.56999969482422,185.54971313476562,103.83979034423828,59.699989318847656,35.32472229003906
2016-09-06,30.689884185791016,128.7100067138672,186.11045837402344,104.59629821777344,60.16014099121094,35.68882369995117
2016-09-07,30.593505859375,128.27000427246094,186.093505859375,104.52140808105469,60.52025604248047,35.73341369628906
2016-09-08,30.513185501098633,127.58999633789062,185.66864013671875,103.21060180664062,59.7800178527832,35.68138885498047
2016-09-09,29.485107421875,126.75,181.2246856689453,101.51028442382812,57.41255569458008,34.88633346557617
2016-09-12,29.68589210510254,126.58999633789062,183.82479858398438,101.56269073486328,58.0927848815918,35.176116943359375
2016-09-13,28.938928604125977,125.75,181.18223571777344,100.40919494628906,56.63427734375,34.312137603759766
2016-09-14,29.02728271484375,126.18000030517578,181.11419677734375,100.55899047851562,56.81557846069336,34.342041015625
2016-09-15,29.52525520324707,125.37000274658203,182.9241180419922,100.12454223632812,57.03046417236328,34.67835998535156
2016-09-16,29.324459075927734,125.05999755859375,182.21701049804688,100.93352508544922,57.057334899902344,34.312137603759766
2016-09-19,29.557390213012695,125.31999969482422,182.2511444091797,100.60389709472656,57.57437515258789,34.54383850097656
2016-09-20,29.57345199584961,125.44000244140625,182.25970458984375,100.95599365234375,57.487091064453125,34.648475646972656
2016-09-21,30.400737762451172,127.2699966430664,184.309326171875,101.7724380493164,58.22573471069336,35.32857894897461
2016-09-22,30.617599487304688,127.56999969482422,185.47073364257812,102.5813980102539,59.26655197143555,35.67985534667969
2016-09-23,30.22403907775879,127.6500015258789,184.45449829101562,102.48402404785156,59.447879791259766,35.30615997314453
2016-09-26,29.782278060913086,127.55000305175781,182.95997619628906,103.13570404052734,59.58888244628906,34.977317810058594
2016-09-27,30.20797348022461,126.62000274658203,184.09579467773438,103.8922348022461,58.957664489746094,35.19404602050781
2016-09-28,30.481046676635742,126.22000122070312,185.0095672607422,103.66753387451172,59.441165924072266,35.5004768371582
2016-09-29,29.950952529907227,126.06999969482422,183.33570861816406,103.9297103881836,58.64878463745117,35.09687423706055
2016-09-30,30.079463958740234,125.63999938964844,184.71920776367188,103.00090026855469,58.245880126953125,35.28372573852539
2016-10-03,30.28828239440918,125.31999969482422,184.27508544921875,102.66091918945312,57.15805435180664,35.261322021484375
2016-10-04,29.950952529907227,120.97000122070312,183.33570861816406,101.46035766601562,56.379112243652344,35.134254455566406
2016-10-05,30.38467025756836,120.77999877929688,184.1470184326172,100.98757934570312,55.23755645751953,35.38836669921875
2016-10-06,30.408763885498047,119.66000366210938,184.27508544921875,100.4247817993164,55.25770568847656,35.2388916015625
2016-10-07,30.27222442626953,119.73999786376953,183.6431427001953,100.49230194091797,55.16370391845703,35.01468276977539
2016-10-10,30.601533889770508,120.16000366210938,184.59962463378906,99.89949798583984,55.506168365478516,35.171627044677734
2016-10-11,29.89472198486328,119.55000305175781,182.2682342529297,99.67435455322266,54.968971252441406,34.61857223510742
2016-10-12,29.8385066986084,119.73999786376953,182.50738525390625,99.77193450927734,55.60017395019531,34.573734283447266
2016-10-13,29.57345199584961,120.02999877929688,181.9095916748047,100.14712524414062,56.03664016723633,34.431732177734375
2016-10-14,29.621646881103516,119.36000061035156,182.00350952148438,98.743896484375,55.78819274902344,34.491512298583984
2016-10-17,29.589515686035156,119.68000030517578,181.37155151367188,99.37421417236328,55.90906524658203,34.424251556396484
2016-10-18,30.11158561706543,120.41999816894531,182.50738525390625,99.69688415527344,56.26497268676758,34.83530044555664
2016-10-19,30.296321868896484,121.11000061035156,182.99417114257812,99.7794189453125,56.385826110839844,34.954898834228516
2016-10-20,30.20797348022461,120.73999786376953,182.65255737304688,99.88446044921875,56.25825881958008,34.93994140625
2016-10-21,30.199934005737305,120.83000183105469,182.7379608154297,100.03456115722656,56.050086975097656,34.89509963989258
2016-10-24,30.328447341918945,120.55999755859375,183.5150909423828,99.5993423461914,56.17768096923828,34.9324836730957
2016-10-25,30.360572814941406,121.47000122070312,182.90016174316406,99.86197662353516,56.076927185058594,34.89509963989258
2016-10-26,30.039306640625,120.79000091552734,182.53298950195312,99.1866226196289,55.345001220703125,34.7007942199707
2016-10-27,29.782278060913086,121.01000213623047,182.04620361328125,98.10612487792969,53.89457321166992,34.61857223510742
2016-10-28,29.661800384521484,121.58000183105469,181.5081787109375,97.88845825195312,54.022159576416016,34.58119583129883
2016-10-31,29.830472946166992,121.94000244140625,181.5167236328125,98.48875427246094,54.90181350708008,34.611106872558594
2016-11-01,29.589515686035156,122.7300033569336,180.2015838623047,98.49633026123047,53.7065315246582,34.4765739440918
2016-11-02,29.236114501953125,123.63999938964844,179.1170196533203,98.9248275756836,52.920902252197266,34.185089111328125
2016-11-03,29.155792236328125,124.30000305175781,178.2971649169922,98.16545867919922,52.51127624511719,34.15520095825195
2016-11-04,28.858613967895508,124.38999938964844,178.1007843017578,99.04508972167969,52.92760467529297,33.82634735107422
2016-11-07,29.902759552001953,122.1500015258789,182.02908325195312,98.20308685302734,53.8542594909668,34.46910095214844
2016-11-08,30.095521926879883,121.63999938964844,182.84893798828125,97.8045883178711,54.13631057739258,34.58119583129883
2016-11-09,29.11563491821289,121.55999755859375,184.7875518798828,93.65450286865234,53.317073822021484,34.349510192871094
2016-11-10,28.288341522216797,119.75,185.24868774414062,92.27123260498047,52.42398452758789,34.12530517578125
2016-11-11,27.750215530395508,117.0999984741211,184.8217010498047,91.75243377685547,52.739585876464844,33.77403259277344
2016-11-14,27.54941177368164,116.11000061035156,184.96682739257812,91.20361328125,53.98858642578125,33.56476593017578
2016-11-15,28.10361671447754,117.12000274658203,186.41014099121094,91.65472412109375,53.53868103027344,33.89360809326172
2016-11-16,27.870685577392578,116.7699966430664,186.0600128173828,92.48165130615234,53.384239196777344,33.54235076904297
2016-11-17,27.910852432250977,116.16999816894531,187.01646423339844,91.12090301513672,52.84031295776367,33.751609802246094
2016-11-18,27.7823429107666,115.1500015258789,186.5979461669922,90.85779571533203,52.99476623535156,33.467613220214844
2016-11-21,28.055416107177734,115.58000183105469,188.007080078125,91.08332061767578,52.8336067199707,33.76655578613281
2016-11-22,28.481107711791992,115.54000091552734,188.37429809570312,91.05321502685547,53.760250091552734,33.93097686767578
2016-11-23,28.175899505615234,113.25,188.47677612304688,90.69989013671875,53.53196716308594,33.77403259277344
2016-11-25,28.312435150146484,112.61000061035156,189.17701721191406,90.83519744873047,53.840850830078125,33.90856170654297
2016-11-28,28.424888610839844,113.80000305175781,188.28890991210938,91.50432586669922,54.089298248291016,33.78150939941406
2016-11-29,28.46504783630371,113.2699966430664,188.65611267089844,91.88777160644531,54.60635757446289,33.945926666259766
2016-11-30,28.51324462890625,111.75,188.20352172851562,90.39915466308594,53.981876373291016,33.91603469848633
2016-12-01,28.175899505615234,111.54000091552734,187.5117645263672,89.44463348388672,53.189517974853516,33.82634735107422
2016-12-02,28.20803451538086,112.13999938964844,187.60569763183594,90.10006713867188,53.7199821472168,33.91603469848633
2016-12-05,28.440956115722656,111.54000091552734,188.7329864501953,90.00212860107422,54.116172790527344,34.185089111328125
2016-12-06,28.59356117248535,111.43000030517578,189.33079528808594,89.93433380126953,54.465335845947266,34.36446762084961
2016-12-07,29.075481414794922,111.83000183105469,191.80740356445312,90.70274353027344,55.553165435791016,34.85774230957031
2016-12-08,29.203983306884766,111.56999969482422,192.2770538330078,89.63299560546875,55.93592834472656,34.880149841308594
2016-12-09,29.05138397216797,110.4000015258789,193.43850708007812,88.51802062988281,55.87548828125,34.984798431396484
2016-12-12,28.858613967895508,110.81999969482422,193.21646118164062,88.68379974365234,56.24482345581055,34.782997131347656
2016-12-13,29.179887771606445,110.44999694824219,194.5059814453125,89.0002212524414,56.21796417236328,35.126773834228516
2016-12-14,28.312435150146484,108.83000183105469,192.9004669189453,88.00578308105469,54.989112854003906,34.491512298583984
2016-12-15,28.360633850097656,107.33999633789062,193.69473266601562,88.45025634765625,54.66680145263672,34.46910095214844
2016-12-16,28.23212432861328,108.05000305175781,193.31585693359375,88.24683380126953,55.486019134521484,34.40182876586914
2016-12-19,28.03936195373535,108.58999633789062,193.73680114746094,89.19607543945312,56.083648681640625,34.36446762084961
2016-12-20,28.1357364654541,107.79000091552734,194.48416137695312,88.75157928466797,56.21125030517578,34.46998977661133
2016-12-21,28.018762588500977,107.8499984741211,193.9429473876953,89.14336395263672,55.35844421386719,34.4172248840332
2016-12-22,27.685688018798828,107.58999633789062,193.6079559326172,88.98394012451172,55.265869140625,34.251399993896484
2016-12-23,27.848161697387695,107.93000030517578,193.89144897460938,89.16520690917969,55.40986633300781,34.34938430786133
2016-12-27,27.970014572143555,108.55999755859375,194.3724822998047,88.87821960449219,55.52640151977539,34.35692596435547
2016-12-28,28.18123435974121,108.86000061035156,192.76611328125,89.52779388427734,55.19048309326172,34.33430862426758
2016-12-29,28.6442813873291,110.29000091552734,192.72311401367188,89.84501647949219,55.87604904174805,34.52275848388672
2016-12-30,28.441194534301758,109.61000061035156,192.0187530517578,89.98095703125,56.582218170166016,34.58304977416992
2017-01-03,28.782390594482422,110.47000122070312,193.48764038085938,90.3661880493164,56.767333984375,34.83179473876953
2017-01-04,29.00172996520996,110.86000061035156,194.63877868652344,90.71366882324219,57.596900939941406,35.216224670410156
2017-01-05,29.318557739257812,112.58000183105469,194.48416137695312,92.13360595703125,57.78200149536133,35.480037689208984
2017-01-06,29.196699142456055,111.75,195.1799774169922,91.28768157958984,57.78887939453125,35.404666900634766
2017-01-09,29.172327041625977,112.66999816894531,194.5356903076172,92.02031707763672,57.2678108215332,35.336822509765625
2017-01-10,29.34292221069336,113.1500015258789,194.5356903076172,91.9599380493164,56.78104019165039,35.39710998535156
2017-01-11,29.692245483398438,113.5,195.08544921875,92.26956939697266,56.431396484375,35.660945892333984
2017-01-12,29.822233200073242,113.91000366210938,194.59585571289062,92.0656509399414,56.719337463378906,35.713714599609375
2017-01-13,29.79785919189453,114.20999908447266,195.0425567626953,91.6275863647461,56.637062072753906,35.81923294067383
2017-01-17,29.781604766845703,115.8499984741211,194.35528564453125,92.5867919921875,57.075843811035156,35.728782653808594
2017-01-18,29.619131088256836,114.87000274658203,194.7848358154297,91.40098571777344,57.171836853027344,35.540348052978516
2017-01-19,29.529783248901367,114.7699966430664,194.06326293945312,90.77407836914062,56.58906936645508,35.51019287109375
2017-01-20,29.58663558959961,115.05000305175781,194.7762451171875,90.5927734375,57.00044250488281,35.653411865234375
2017-01-23,30.025318145751953,115.79000091552734,194.2693634033203,91.49913787841797,57.4803466796875,35.81923294067383
2017-01-24,30.2121639251709,115.2699966430664,195.51502990722656,90.87220764160156,57.494056701660156,35.962459564208984
2017-01-25,30.54523468017578,114.31999969482422,197.20729064941406,89.7317123413086,57.11699295043945,36.3393440246582
2017-01-26,30.415258407592773,113.26000213623047,197.00106811523438,90.03380584716797,57.007293701171875,36.22627258300781
2017-01-27,30.43963050842285,113.48999786376953,196.6918487548828,90.35863494873047,56.45195388793945,36.14336395263672
2017-01-30,30.27716636657715,113.97000122070312,195.47206115722656,90.08672332763672,56.06802749633789,35.90968322753906
2017-01-31,30.334022521972656,115.55000305175781,195.45486450195312,90.71366882324219,56.4725341796875,35.99260711669922
2017-02-01,30.35027503967285,115.19999694824219,195.53213500976562,90.1527099609375,55.793792724609375,36.11320877075195
2017-02-02,30.480253219604492,115.83999633789062,195.66102600097656,90.1148910522461,56.458824157714844,36.15843200683594
2017-02-03,30.667091369628906,116.12999725341797,197.00973510742188,90.07701873779297,56.767333984375,36.32426071166992
2017-02-06,30.593984603881836,117.69999694824219,196.657470703125,90.6220703125,56.67135238647461,36.11320877075195
2017-02-07,30.43963050842285,117.45999908447266,196.66604614257812,91.28816223144531,56.4725341796875,36.07552719116211
2017-02-08,30.62647247314453,118.19000244140625,196.92381286621094,92.5295639038086,56.91817092895508,36.1885871887207
2017-02-09,30.764583587646484,117.29000091552734,198.092041015625,91.46231842041016,57.0552864074707,36.28657531738281
2017-02-10,31.04890251159668,117.5999984741211,198.87379455566406,91.40924835205078,57.45979309082031,36.482582092285156
2017-02-13,31.146406173706055,116.80000305175781,199.9561767578125,91.12162780761719,57.4803466796875,36.62577438354492
2017-02-14,31.17889976501465,116.93000030517578,200.75506591796875,90.46309661865234,57.178688049316406,36.59563064575195
2017-02-15,31.430728912353516,117.44999694824219,201.8031005859375,90.04676055908203,56.986732482910156,36.79914855957031
2017-02-16,31.31699562072754,118.08000183105469,201.6313018798828,90.53875732421875,57.322669982910156,36.82929992675781
2017-02-17,31.1870174407959,117.68000030517578,201.9490966796875,91.07621765136719,57.432376861572266,36.67101287841797
2017-02-21,31.528213500976562,117.75,203.1517333984375,90.91718292236328,58.16594696044922,36.88206481933594
2017-02-22,31.625701904296875,117.91000366210938,202.97134399414062,91.06863403320312,57.97399139404297,36.88959884643555
2017-02-23,31.63381576538086,118.94000244140625,203.10879516601562,91.34111785888672,58.27564239501953,36.927284240722656
2017-02-24,31.26012420654297,119.69999694824219,203.3665313720703,92.35547637939453,58.54988098144531,36.63331604003906
2017-02-27,31.162643432617188,119.12000274658203,203.68434143066406,91.81046295166016,58.858402252197266,36.6031608581543
2017-02-28,30.862070083618164,119.2300033569336,203.13461303710938,92.15106964111328,58.453914642333984,36.47502899169922
2017-03-01,31.341365814208984,119.05999755859375,205.9779510498047,90.60699462890625,58.27564239501953,36.89713668823242
2017-03-02,30.788955688476562,117.58000183105469,204.68081665039062,90.28085327148438,57.960269927978516,36.5805549621582
2017-03-03,31.0245361328125,117.51000213623047,204.80967712402344,90.51596069335938,57.7340202331543,36.76145553588867
2017-03-06,31.040786743164062,116.72000122070312,204.19979858398438,90.08365631103516,57.47350311279297,36.67101287841797
2017-03-07,31.073278427124023,115.77999877929688,203.58985900878906,89.81062316894531,57.19926071166992,36.58808898925781
2017-03-08,30.78082847595215,115.05999755859375,203.2119140625,89.32526397705078,56.1434440612793,36.3694953918457
2017-03-09,30.537126541137695,114.47000122070312,203.4696044921875,88.6123275756836,55.3001594543457,36.41471862792969
2017-03-10,30.878311157226562,114.72000122070312,204.18260192871094,88.92330169677734,55.12876892089844,36.7539176940918
2017-03-13,31.308876037597656,114.73999786376953,204.28561401367188,88.3620834350586,55.265869140625,36.95744323730469
2017-03-14,31.130155563354492,114.12000274658203,203.50399780273438,88.78677368164062,55.25218200683594,36.701148986816406
2017-03-15,31.942529678344727,116.25,205.26495361328125,89.87129974365234,56.36968994140625,37.29663848876953
2017-03-16,32.13748550415039,116.7300033569336,204.8612060546875,89.41622924804688,56.25999069213867,37.51522445678711
2017-03-17,32.08062744140625,116.98999786376953,204.50146484375,89.97749328613281,56.520530700683594,37.5076904296875
2017-03-20,32.454315185546875,117.51000213623047,204.27716064453125,90.3642807006836,56.4725341796875,37.58308029174805
2017-03-21,32.096866607666016,118.54000091552734,201.65432739257812,91.11508178710938,56.225704193115234,37.319244384765625
2017-03-22,32.25122833251953,118.83000183105469,202.12884521484375,91.47914123535156,56.194637298583984,37.38710403442383
2017-03-23,32.25934982299805,118.66999816894531,201.91311645507812,91.3501968383789,56.60900115966797,37.46999740600586
2017-03-24,32.34059524536133,118.86000061035156,201.7664794921875,91.67630004882812,56.54683303833008,37.606117248535156
2017-03-27,32.25122833251953,119.52999877929688,201.5594024658203,92.09342956542969,56.03580093383789,37.6590576171875
2017-03-28,32.34059524536133,119.04000091552734,203.02610778808594,91.47914123535156,56.27751159667969,37.780052185058594
2017-03-29,32.397457122802734,119.33000183105469,203.21592712402344,92.02519989013672,56.595184326171875,37.82542037963867
2017-03-30,32.22685623168945,118.47000122070312,203.86300659179688,91.28191375732422,56.69877243041992,37.6741828918457
2017-03-31,31.9993896484375,118.72000122070312,203.3884735107422,91.54740905761719,57.03716278076172,37.56830596923828
2017-04-03,32.17811584472656,119.3499984741211,203.03472900390625,92.47078704833984,57.20292282104492,37.56074523925781
2017-04-04,32.194358825683594,119.62000274658203,203.1641845703125,91.9692153930664,57.20292282104492,37.59099197387695
2017-04-05,32.096866607666016,119.62000274658203,202.5602264404297,92.25041198730469,57.285789489746094,37.424625396728516
2017-04-06,32.04000473022461,119.18000030517578,203.12962341308594,92.11356353759766,57.58966064453125,37.424625396728516
2017-04-07,31.983135223388672,119.45999908447266,202.92257690429688,91.74122619628906,57.672523498535156,37.38682174682617
2017-04-10,31.85316276550293,119.45999908447266,203.04335021972656,92.16680145263672,58.03165054321289,37.356571197509766
2017-04-11,31.780052185058594,121.19000244140625,202.8018035888672,93.04080963134766,58.43218994140625,37.462432861328125
2017-04-12,31.934402465820312,122.0199966430664,201.91311645507812,93.55001068115234,58.32860565185547,37.470001220703125
2017-04-13,31.796295166015625,122.5999984741211,200.6017608642578,93.83882141113281,58.19736862182617,37.258270263671875
2017-04-17,32.12936782836914,122.23999786376953,202.3791046142578,93.55001068115234,58.901824951171875,37.56074523925781
2017-04-18,31.723190307617188,122.81999969482422,201.7751007080078,94.77363586425781,59.06064987182617,37.30363845825195
2017-04-19,31.528213500976562,121.7300033569336,201.4040985107422,94.25682067871094,58.977779388427734,37.137271881103516
2017-04-20,31.91815757751465,121.95999908447266,203.04335021972656,93.89203643798828,58.984683990478516,37.47756576538086
2017-04-21,31.91815757751465,122.30999755859375,202.3962860107422,93.89203643798828,58.770606994628906,37.462432861328125
2017-04-24,32.373077392578125,121.4800033569336,204.62225341796875,93.42843627929688,58.121429443359375,38.25644302368164
2017-04-25,32.65740966796875,120.25,205.8128204345703,92.30362701416016,58.36314010620117,38.483306884765625
2017-04-26,32.53555679321289,120.83999633789062,205.6834716796875,92.81278228759766,57.92805099487305,38.392574310302734
2017-04-27,32.49494171142578,120.38999938964844,205.85597229003906,92.78244018554688,57.77613830566406,38.339637756347656
2017-04-28,32.543670654296875,120.7699966430664,205.40737915039062,92.98759460449219,57.17531967163086,38.339637756347656
2017-05-01,32.730525970458984,119.66999816894531,205.92503356933594,92.21459197998047,57.513702392578125,38.5135612487793
2017-05-02,32.96611404418945,119.6500015258789,206.00265502929688,92.686767578125,57.41701889038086,38.74043273925781
2017-05-03,32.74677276611328,117.9800033569336,205.75250244140625,92.7477035522461,56.650421142578125,38.62700271606445
2017-05-04,32.38119888305664,116.79000091552734,205.99404907226562,92.29073333740234,56.37417984008789,38.72529602050781
2017-05-05,32.649288177490234,117.01000213623047,206.80502319335938,92.37452697753906,56.90596389770508,39.09584045410156
2017-05-08,32.64116287231445,116.75,206.7705078125,91.87187194824219,56.50542068481445,38.891666412353516
2017-05-09,33.055484771728516,116.05000305175781,206.58071899414062,91.86430358886719,56.20154571533203,38.86898422241211
2017-05-10,33.274818420410156,116.04000091552734,206.95166015625,91.75765228271484,56.64353942871094,38.99753952026367
2017-05-11,33.34792709350586,116.5,206.5289306640625,91.75765228271484,56.36037826538086,38.914344787597656
2017-05-12,33.48603057861328,116.83000183105469,206.18380737304688,92.45066833496094,56.13247299194336,39.118526458740234
2017-05-15,33.82722473144531,117.13999938964844,207.3226776123047,92.19934844970703,56.298221588134766,39.39076614379883
2017-05-16,33.85972213745117,117.6500015258789,207.1329345703125,92.54206085205078,55.918399810791016,39.54201126098633
2017-05-17,33.2829475402832,119.79000091552734,203.45748901367188,93.8901138305664,56.14628982543945,39.020225524902344
2017-05-18,32.730525970458984,118.80999755859375,204.27716064453125,93.99674987792969,56.457069396972656,38.92947769165039
2017-05-19,33.429168701171875,119.4000015258789,205.60580444335938,94.2176284790039,56.76094055175781,39.46638107299805
2017-05-22,33.461666107177734,119.9000015258789,206.64968872070312,93.95862579345703,56.981929779052734,39.519317626953125
2017-05-23,33.49415588378906,119.13999938964844,207.10699462890625,93.32654571533203,57.03026580810547,39.519317626953125
2017-05-24,33.624141693115234,119.61000061035156,207.59011840820312,93.85201263427734,57.49296188354492,39.59493637084961
2017-05-25,33.78660583496094,119.4800033569336,208.58236694335938,93.88248443603516,57.4998779296875,39.61006546020508
2017-05-26,33.90846633911133,120.54000091552734,208.5391845703125,94.04241943359375,57.08551788330078,39.5722541809082
2017-05-30,33.72974395751953,120.13999938964844,208.35801696777344,94.50696563720703,56.72639846801758,39.48906326293945
2017-05-31,33.46978759765625,120.62000274658203,208.30625915527344,94.7430648803711,56.76094055175781,39.47394561767578
2017-06-01,33.75410842895508,120.72000122070312,209.96278381347656,94.75303649902344,57.057891845703125,39.76887512207031
2017-06-02,33.924720764160156,121.61000061035156,210.66156005859375,95.87495422363281,57.64491271972656,40.109153747558594
2017-06-05,33.884090423583984,121.7300033569336,210.50628662109375,95.27962493896484,57.396297454833984,39.950355529785156
2017-06-06,33.90034484863281,123.0999984741211,209.83334350585938,95.79863739013672,57.12006378173828,39.86716842651367
2017-06-07,33.85972213745117,122.44999694824219,210.22157287597656,95.34069061279297,57.52059555053711,39.882301330566406
2017-06-08,34.06282424926758,121.6500015258789,210.3251190185547,95.0888442993164,57.382469177246094,39.844486236572266
2017-06-09,33.80286407470703,120.54000091552734,210.00587463378906,94.94381713867188,57.78303527832031,39.662994384765625
2017-06-12,33.624141693115234,120.36000061035156,209.96278381347656,94.91331481933594,58.30097579956055,39.52687454223633
2017-06-13,33.78660583496094,120.4800033569336,210.9894256591797,94.92853546142578,58.43218994140625,39.852054595947266
2017-06-14,33.77848434448242,119.81999969482422,210.72195434570312,96.39392852783203,58.51506423950195,39.79912567138672
2017-06-15,33.429168701171875,119.31999969482422,210.31651306152344,96.24127960205078,58.8120231628418,39.405887603759766
2017-06-16,33.48603057861328,119.33999633789062,210.36245727539062,96.4321060180664,58.66008758544922,39.6856803894043
2017-06-19,33.819114685058594,118.43000030517578,212.11373901367188,96.29472351074219,58.66701889038086,39.8596076965332
2017-06-20,33.44532012939453,118.18000030517578,210.68319702148438,97.15716552734375,58.52889633178711,39.47394561767578
2017-06-21,33.518768310546875,118.5199966430664,210.63121032714844,97.35557556152344,58.4114990234375,39.40973663330078
2017-06-22,33.69015121459961,118.91999816894531,210.53587341308594,97.56926727294922,58.46672058105469,39.547325134277344
2017-06-23,33.86969757080078,119.43000030517578,210.7872772216797,97.52346801757812,58.66963195800781,39.64668273925781
2017-06-26,34.196170806884766,118.36000061035156,210.92593383789062,97.88983917236328,59.087955474853516,39.76133346557617
2017-06-27,33.7962532043457,118.80999755859375,209.22671508789062,96.84422302246094,58.558082580566406,39.66962432861328
2017-06-28,34.05741882324219,118.9000015258789,211.09934997558594,96.52367401123047,58.697509765625,40.05180740356445
2017-06-29,33.6248664855957,118.31999969482422,209.24404907226562,95.71470642089844,58.0281867980957,39.63905715942383
2017-06-30,33.779937744140625,118.0199966430664,209.63418579101562,95.49334716796875,58.0281867980957,39.72312545776367
2017-07-03,33.97581481933594,116.08999633789062,209.98960876464844,95.18587493896484,58.767215728759766,39.753692626953125
2017-07-05,33.91050720214844,116.5199966430664,210.4751739501953,95.20880126953125,57.93753433227539,39.72312545776367
2017-07-06,33.502445220947266,116.47000122070312,208.5504913330078,94.42113494873047,56.84992218017578,39.486175537109375
2017-07-07,33.56772994995117,115.27999877929688,209.9029083251953,93.85515594482422,57.170631408691406,39.53203582763672
2017-07-10,33.88603210449219,115.47000122070312,210.12835693359375,93.99286651611328,56.6477165222168,39.65433883666992
2017-07-11,34.16352462768555,115.62000274658203,209.97230529785156,94.15340423583984,56.58499526977539,39.79191970825195
2017-07-12,34.82459259033203,116.02999877929688,211.55020141601562,94.80350494384766,57.28217315673828,40.17408752441406
2017-07-13,34.9959716796875,115.81999969482422,211.90567016601562,94.20695495605469,57.37281799316406,40.326969146728516
2017-07-14,35.43669128417969,116.7699966430664,212.8939971923828,94.32166290283203,57.923614501953125,40.68621063232422
2017-07-17,35.273460388183594,117.29000091552734,212.86795043945312,94.58174133300781,58.3907470703125,40.533329010009766
2017-07-18,35.37956237792969,118.11000061035156,212.98065185546875,95.40766143798828,58.265220642089844,40.64033889770508
2017-07-19,35.673370361328125,118.08000183105469,214.13381958007812,95.4459457397461,58.7044792175293,40.85436248779297
2017-07-20,35.63256072998047,118.23999786376953,214.2291259765625,95.72124481201172,58.43256378173828,41.00722122192383
2017-07-21,35.60808181762695,119.26000213623047,214.0384063720703,96.1265869140625,58.3907470703125,40.83142852783203
2017-07-24,35.71417236328125,119.30999755859375,213.9864044189453,95.75184631347656,58.27919006347656,40.83142852783203
2017-07-25,35.62440490722656,118.91999816894531,214.5065460205078,94.5052261352539,58.355865478515625,40.87729263305664
2017-07-26,35.918212890625,119.87999725341797,214.51531982421875,94.65821075439453,58.76026153564453,41.09895324707031
2017-07-27,35.72233581542969,119.79000091552734,214.31581115722656,94.19170379638672,58.829959869384766,40.98429489135742
2017-07-28,35.70601272583008,120.69000244140625,214.06436157226562,94.74996185302734,58.66963195800781,40.98429489135742
2017-07-31,35.74681854248047,120.75,213.94302368164062,94.86473083496094,58.746307373046875,41.06074142456055
2017-08-01,35.852909088134766,120.6500015258789,214.4198455810547,95.53075408935547,59.01126480102539,41.320621490478516
2017-08-02,35.88557052612305,120.4000015258789,214.52392578125,95.58439636230469,58.47440719604492,41.312965393066406
2017-08-03,35.738670349121094,120.58999633789062,214.10772705078125,96.57310485839844,58.355865478515625,41.244178771972656
2017-08-04,35.869239807128906,119.6500015258789,214.4978790283203,95.75299835205078,58.55111312866211,41.320621490478516
2017-08-07,36.11408996582031,119.51000213623047,214.89675903320312,95.86031341552734,58.48834228515625,41.36647033691406
2017-08-08,36.12224578857422,119.86000061035156,214.36785888671875,95.515380859375,58.20944595336914,41.21359634399414
2017-08-09,35.79579544067383,121.30999755859375,214.3591766357422,96.0365982055664,58.01424789428711,41.09131622314453
2017-08-10,34.94701385498047,122.20999908447266,211.33346557617188,96.85672760009766,57.59590530395508,40.4339714050293
2017-08-11,35.02861785888672,122.79000091552734,211.6455535888672,96.90267944335938,57.2403450012207,40.441612243652344
2017-08-14,35.387733459472656,121.91999816894531,213.7436065673828,96.40449523925781,58.19551467895508,40.74736022949219
2017-08-15,35.42851638793945,120.9800033569336,213.7176055908203,95.9982681274414,58.0212287902832,40.66328048706055
2017-08-16,35.79579544067383,121.87000274658203,214.09046936035156,96.35083770751953,58.25130081176758,40.96137619018555
2017-08-17,35.33875274658203,122.48999786376953,210.7525634765625,97.07128143310547,57.88874816894531,40.46454620361328
2017-08-18,35.64072036743164,122.30000305175781,210.4231414794922,97.0483169555664,57.303104400634766,40.60211944580078
2017-08-21,35.77130889892578,122.76000213623047,210.5878143310547,97.28593444824219,57.9166374206543,40.68621063232422
2017-08-22,36.17121124267578,122.20999908447266,212.7899932861328,96.91033935546875,57.74931335449219,40.84671401977539
2017-08-23,36.34260559082031,122.66999816894531,212.02703857421875,97.56950378417969,58.341915130615234,40.915504455566406
2017-08-24,36.45686340332031,122.29000091552734,211.53280639648438,97.20926666259766,58.160667419433594,40.923152923583984
2017-08-25,36.66905975341797,122.73999786376953,212.02703857421875,97.5848617553711,58.43954086303711,41.18303298950195
2017-08-28,36.53847122192383,124.69000244140625,212.03575134277344,97.52347564697266,57.993324279785156,41.16010284423828
2017-08-29,36.47317886352539,124.41999816894531,212.27845764160156,97.83775329589844,57.93059158325195,40.991943359375
2017-08-30,36.53031539916992,124.36000061035156,213.28411865234375,97.80711364746094,58.25823974609375,40.96900939941406
2017-08-31,36.58745193481445,125.81999969482422,214.56723022460938,98.09838104248047,58.592933654785156,41.28239822387695
2017-09-01,36.85676956176758,126.05999755859375,214.8706817626953,97.34797668457031,58.79511642456055,41.39704132080078
2017-09-05,36.375247955322266,127.45999908447266,213.32748413085938,98.89170837402344,58.634765625,41.08366012573242
2017-09-06,36.6119270324707,126.80999755859375,214.0557403564453,98.28501892089844,58.78813171386719,41.37411117553711
2017-09-07,36.88125991821289,128.1300048828125,214.0297393798828,99.29110717773438,59.16463851928711,41.6875
2017-09-08,36.63641357421875,127.97000122070312,213.77833557128906,99.07601928710938,59.21342849731445,41.64927291870117
2017-09-11,37.126102447509766,126.19000244140625,216.0584716796875,97.8933334350586,59.75724792480469,42.008522033691406
2017-09-12,37.08528518676758,126.55999755859375,216.7866973876953,97.37873077392578,59.053070068359375,42.031455993652344
2017-09-13,36.88941192626953,125.61000061035156,216.89073181152344,96.99472045898438,58.89969253540039,41.840354919433594
2017-09-14,36.98735046386719,126.16000366210938,216.8213653564453,97.39408111572266,59.387733459472656,41.93208694458008
2017-09-15,37.20770263671875,125.52999877929688,217.11328125,97.43251037597656,59.49930191040039,42.03908920288086
2017-09-18,37.33829879760742,124.36000061035156,217.57504272460938,96.87178802490234,59.17857360839844,42.10788345336914
2017-09-19,37.419898986816406,124.62000274658203,217.7928924560547,96.63369750976562,58.78813171386719,42.25310516357422
2017-09-20,37.24851989746094,123.62000274658203,217.87127685546875,96.70284271240234,58.62778854370117,42.18241882324219
2017-09-21,37.24851989746094,122.68000030517578,217.28753662109375,96.64910125732422,58.51622009277344,42.105560302734375
2017-09-22,37.03632354736328,123.23999786376953,217.33111572265625,96.92556762695312,58.10346221923828,42.14398956298828
2017-09-25,36.407894134521484,124.52999877929688,216.88677978515625,97.53233337402344,58.44157409667969,41.87500762939453
2017-09-26,36.309959411621094,123.13999938964844,217.0174102783203,97.35566711425781,58.54018020629883,41.759742736816406
2017-09-27,36.179378509521484,121.9800033569336,217.86256408691406,95.88876342773438,58.011898040771484,41.721317291259766
2017-09-28,36.1548957824707,122.20999908447266,218.1239776611328,95.60456848144531,58.40634536743164,41.82122039794922
2017-09-29,36.57111740112305,121.58000183105469,218.89064025878906,95.8196029663086,58.526100158691406,42.0594596862793
2017-10-02,36.579288482666016,120.7699966430664,219.84034729003906,95.6441421508789,58.44157409667969,42.0594596862793
2017-10-03,37.15873336791992,120.83000183105469,220.31088256835938,95.73644256591797,58.35704040527344,42.29768753051758
2017-10-04,37.15058135986328,121.16999816894531,220.5722198486328,95.74418640136719,58.65287780761719,42.266937255859375
2017-10-05,37.428062438964844,120.5199966430664,221.879150390625,95.38249206542969,58.86418151855469,42.28230667114258
2017-10-06,37.240352630615234,121.08999633789062,221.62644958496094,95.1131362915039,58.67401885986328,42.22853088378906
2017-10-09,37.21586990356445,122.08000183105469,221.2605438232422,95.41326904296875,58.814884185791016,42.2208366394043
2017-10-10,37.58312225341797,122.4000015258789,221.84432983398438,95.56715393066406,58.990989685058594,42.5897102355957
2017-10-11,37.7545166015625,122.79000091552734,222.1927947998047,95.75190734863281,59.18820571899414,42.78184127807617
2017-10-12,37.73820114135742,122.88999938964844,221.8616943359375,96.15975952148438,59.56855010986328,42.743404388427734
2017-10-13,38.080970764160156,123.81999969482422,222.1318359375,96.85237121582031,59.72351837158203,43.02775955200195
2017-10-16,38.05649185180664,122.97000122070312,222.4280548095703,96.78312683105469,59.42768859863281,42.98164749145508
2017-10-17,37.860618591308594,122.12999725341797,222.58489990234375,96.90625762939453,59.49812698364258,42.86636734008789
2017-10-18,37.95039367675781,121.66999816894531,222.802734375,96.26749420166016,59.434715270996094,42.97395706176758
2017-10-19,37.61577606201172,122.38999938964844,222.8636932373047,96.43682861328125,59.258636474609375,42.797210693359375
2017-10-20,37.7545166015625,121.61000061035156,224.01376342773438,95.41326904296875,58.92054748535156,42.77415084838867
2017-10-23,37.452545166015625,121.80000305175781,223.14248657226562,95.58253479003906,58.69516372680664,42.65887451171875
2017-10-24,37.452545166015625,121.33000183105469,223.53451538085938,94.98999786376953,58.34297180175781,42.7357292175293
2017-10-25,37.37093734741211,121.3499984741211,222.4280548095703,94.53593444824219,58.17391586303711,42.58203125
2017-10-26,37.11793518066406,120.33000183105469,222.71559143066406,94.22039031982422,57.6949462890625,42.520545959472656
2017-10-27,37.656585693359375,120.9000015258789,224.5365447998047,94.84376525878906,57.95555114746094,42.68962478637695
2017-10-30,37.419898986816406,121.12999725341797,223.70013427734375,95.75190734863281,57.906246185302734,42.71266555786133
2017-10-31,37.770843505859375,120.66999816894531,224.0486602783203,95.78266906738281,57.89921188354492,42.9124755859375
2017-11-01,37.96672058105469,121.11000061035156,224.34486389160156,96.20912170410156,58.18095016479492,43.05080032348633
2017-11-02,38.01568603515625,121.19000244140625,224.4319610595703,96.63330841064453,58.67401885986328,43.14302444458008
2017-11-03,37.8198127746582,120.62000274658203,225.18136596679688,96.89554595947266,58.526100158691406,43.058494567871094
2017-11-06,38.244205474853516,121.6500015258789,225.52984619140625,97.25798797607422,58.92054748535156,43.20451354980469
2017-11-07,37.999366760253906,121.20999908447266,225.3730010986328,97.666748046875,59.39950942993164,43.043121337890625
2017-11-08,38.17891311645508,121.62999725341797,225.75634765625,97.45079803466797,59.695350646972656,43.20451354980469
2017-11-09,37.94223403930664,122.12999725341797,224.93734741210938,97.17318725585938,59.758750915527344,42.94322967529297
2017-11-10,37.77900314331055,121.12999725341797,224.8675994873047,95.70783233642578,59.8221321105957,42.82795333862305
2017-11-13,37.697391510009766,121.30999755859375,225.0767364501953,95.90837860107422,60.1250114440918,42.63582992553711
2017-11-14,37.44439697265625,121.55999755859375,224.553955078125,96.55619812011719,59.99823760986328,42.5897102355957
2017-11-15,37.24851989746094,121.41000366210938,223.43002319335938,97.60505676269531,59.3924560546875,42.35148239135742
2017-11-16,38.02384948730469,121.4000015258789,225.32940673828125,96.75672912597656,59.88552474975586,42.835636138916016
2017-11-17,38.21155548095703,122.86000061035156,224.66725158691406,97.47392272949219,59.624908447265625,42.797210693359375
2017-11-20,38.407432556152344,121.30999755859375,225.05059814453125,97.43534088134766,59.44882583618164,42.86636734008789
2017-11-21,38.92158889770508,121.51000213623047,226.5230712890625,97.74386596679688,59.8925666809082,43.212188720703125
2017-11-22,39.01953125,122.62999725341797,226.3226776123047,98.06007385253906,59.758750915527344,43.33515167236328
2017-11-24,38.93791580200195,122.31999969482422,226.8454132080078,97.79014587402344,59.83623123168945,43.565704345703125
2017-11-27,38.36661911010742,122.83000183105469,226.73219299316406,97.65129089355469,59.55448532104492,43.2429313659668
2017-11-28,38.652278900146484,122.80999755859375,229.03233337402344,97.78240203857422,59.32906723022461,43.504215240478516
2017-11-29,38.04016876220703,122.04000091552734,228.8929443359375,96.81840515136719,59.35021209716797,43.20451354980469
2017-11-30,37.623939514160156,121.0999984741211,230.89683532714844,96.4945297241211,59.44178009033203,43.18144226074219
2017-12-01,37.4117431640625,121.58999633789062,230.41766357421875,97.79667663574219,59.58265686035156,43.11228561401367
2017-12-04,37.48520278930664,121.18000030517578,230.13888549804688,97.843017578125,59.28681945800781,42.958587646484375
2017-12-05,37.460716247558594,120.31999969482422,229.31117248535156,98.32989501953125,58.79376220703125,42.8971061706543
2017-12-06,36.9547119140625,120.06999969482422,229.35467529296875,98.66989135742188,58.737422943115234,42.65119934082031
2017-12-07,37.06080627441406,118.48999786376953,230.077880859375,97.89710235595703,58.885345458984375,42.758785247802734
2017-12-08,37.49335861206055,118.4800033569336,231.33248901367188,97.90484619140625,59.18820571899414,43.02006149291992
2017-12-11,37.68107223510742,118.01000213623047,232.02947998046875,97.70391845703125,59.18115234375,43.11228561401367
2017-12-12,37.428062438964844,118.1500015258789,232.43902587890625,97.66526794433594,59.469940185546875,43.09693145751953
2017-12-13,37.87693786621094,119.16999816894531,232.4128875732422,98.39944458007812,59.56855010986328,43.33515167236328
2017-12-14,37.59945297241211,118.93000030517578,231.46316528320312,98.81671905517578,59.55448532104492,43.13534164428711
2017-12-15,37.68107223510742,119.18000030517578,233.39064025878906,99.18768310546875,59.927772521972656,43.11228561401367
2017-12-18,38.105464935302734,119.7300033569336,234.87063598632812,98.28349304199219,60.32223129272461,43.604122161865234
2017-12-19,37.90414047241211,119.81999969482422,233.9686737060547,97.00841522216797,59.04029846191406,43.473480224609375
2017-12-20,37.95383834838867,120.13999938964844,233.8460693359375,95.93421936035156,58.35704040527344,43.46578598022461
2017-12-21,38.202392578125,120.30999755859375,234.3276824951172,96.49337768554688,58.13103103637695,43.682273864746094
2017-12-22,38.52550506591797,120.94000244140625,234.26641845703125,96.62500762939453,58.53159713745117,43.81416320800781
2017-12-26,38.492366790771484,121.7699966430664,233.98617553710938,96.91159057617188,58.8248405456543,43.83744430541992
2017-12-27,38.591796875,122.2300033569336,234.10003662109375,98.17386627197266,59.017967224121094,43.91503143310547
2017-12-28,38.85691452026367,122.8499984741211,234.58163452148438,98.08866119384766,59.332706451416016,43.99262237548828
2017-12-29,39.039180755615234,123.6500015258789,233.6971435546875,98.24359893798828,59.35414505004883,44.077964782714844
2018-01-02,39.776554107666016,125.1500015258789,235.36981201171875,97.18257904052734,59.132415771484375,44.52021789550781
2018-01-03,40.15767288208008,124.81999969482422,236.8585662841797,97.64725494384766,58.96074676513672,44.830570220947266
2018-01-04,40.35651397705078,125.45999908447266,237.8568572998047,97.63177490234375,57.94502639770508,45.202999114990234
2018-01-05,40.70448303222656,125.33000183105469,239.4419708251953,97.35298156738281,57.973663330078125,45.505592346191406
2018-01-08,40.70448303222656,125.30999755859375,239.87986755371094,97.29100799560547,58.27408218383789,45.4823112487793
2018-01-09,40.63820266723633,124.7300033569336,240.42282104492188,95.98998260498047,57.52302932739258,45.52111053466797
2018-01-10,40.38136672973633,125.02999877929688,240.0550079345703,95.87383270263672,56.879276275634766,45.365928649902344
2018-01-11,40.62991714477539,125.44000244140625,241.8064727783203,96.2687759399414,56.68614959716797,45.65300750732422
2018-01-12,41.019317626953125,126.95999908447266,243.3827667236328,96.4314193725586,56.22835922241211,46.09526062011719
2018-01-16,40.86189270019531,127.16999816894531,242.55078125,96.8341064453125,56.33566665649414,46.048709869384766
2018-01-17,41.40042495727539,126.13999938964844,244.8627471923828,96.70248413085938,56.72905731201172,46.3668212890625
2018-01-18,41.45012664794922,125.86000061035156,244.45120239257812,95.80412292480469,55.99947738647461,46.31250762939453
2018-01-19,41.789825439453125,126.41999816894531,245.56332397460938,95.30073547363281,56.29990005493164,46.52199935913086
2018-01-22,42.03009796142578,126.6500015258789,247.5598907470703,95.39369201660156,56.81489181518555,46.778045654296875
2018-01-23,42.22892761230469,127.27999877929688,248.08543395996094,95.80412292480469,57.60169982910156,46.964263916015625
2018-01-24,42.58519744873047,128.8300018310547,247.9890594482422,95.28527069091797,57.30126190185547,47.165977478027344
2018-01-25,42.56034469604492,127.97000122070312,248.0941619873047,96.06742095947266,57.20115661621094,46.99528884887695
2018-01-26,43.14857864379883,128.07000732421875,250.96656799316406,95.71116638183594,57.000858306884766,47.460819244384766
2018-01-29,42.494056701660156,127.3499984741211,249.30264282226562,95.04515838623047,56.235511779785156,46.97201919555664
2018-01-30,41.91410446166992,126.80000305175781,246.74559020996094,94.48760986328125,55.82781219482422,46.529754638671875
2018-01-31,42.27863311767578,127.6500015258789,246.8681182861328,95.04515838623047,56.8292121887207,46.59958267211914
2018-02-01,41.70697784423828,128.07000732421875,246.58792114257812,93.6677474975586,55.60606002807617,46.560794830322266
2018-02-02,40.63820266723633,126.38999938964844,241.2197265625,92.79853820800781,55.13398361206055,45.54438400268555
2018-02-05,39.213172912597656,126.70999908447266,231.13131713867188,93.67549133300781,53.49598693847656,43.71329879760742
2018-02-06,40.48907470703125,125.37999725341797,235.6851043701172,93.09344482421875,53.503150939941406,44.76850128173828
2018-02-07,39.213172912597656,124.79000091552734,234.40652465820312,92.2087631225586,53.27424240112305,43.96158218383789
2018-02-08,37.85441970825195,124.9800033569336,225.6142120361328,92.10786437988281,51.74354553222656,42.75120544433594
2018-02-09,38.45923614501953,124.7699966430664,229.0032501220703,91.5258560180664,53.0381965637207,43.154659271240234
2018-02-12,39.06403350830078,125.37000274658203,232.3660888671875,91.92939758300781,53.05965805053711,43.75984573364258
2018-02-13,39.362300872802734,126.08000183105469,232.94406127929688,92.34064483642578,53.431610107421875,43.75984573364258
2018-02-14,40.34822463989258,128.22999572753906,236.0879669189453,91.31636047363281,53.045345306396484,44.543495178222656
2018-02-15,41.176727294921875,128.3800048828125,239.10037231445312,91.6267318725586,53.56035614013672,44.93919372558594
2018-02-16,41.04417037963867,127.95999908447266,239.1704559326172,92.12342071533203,53.85364532470703,45.00126266479492
2018-02-20,40.48078918457031,126.23999786376953,237.6730194091797,91.71989440917969,53.217002868652344,44.51246643066406
2018-02-21,40.44765090942383,125.66000366210938,236.4907684326172,90.5946044921875,52.165565490722656,44.40384292602539
2018-02-22,40.47249984741211,126.30000305175781,236.79721069335938,90.86622619628906,52.759254455566406,44.60557556152344
2018-02-23,41.19329833984375,126.13999938964844,240.57168579101562,91.67333221435547,53.6032829284668,45.094364166259766
2018-02-26,41.57440948486328,126.44999694824219,243.3651885986328,91.70433807373047,53.753475189208984,45.435760498046875
2018-02-27,40.36479568481445,125.12999725341797,240.32644653320312,91.57242584228516,52.501739501953125,44.659881591796875
2018-02-28,39.78484344482422,125.0,237.89186096191406,92.15444946289062,52.465965270996094,44.15555953979492
2018-03-01,39.71028518676758,124.72000122070312,234.432861328125,92.78355407714844,52.51604461669922,43.69778060913086
2018-03-02,39.8759765625,125.38999938964844,235.6412811279297,92.02922058105469,52.49458312988281,43.821922302246094
2018-03-05,39.93397521972656,125.18000030517578,238.36483764648438,91.78046417236328,53.08826446533203,44.0003776550293
2018-03-06,40.30679702758789,126.52999877929688,238.96910095214844,91.8659439086914,53.33861541748047,44.334014892578125
2018-03-07,40.34822463989258,125.72000122070312,238.8815155029297,91.76490783691406,53.66765594482422,44.2874641418457
2018-03-08,40.35651397705078,125.41999816894531,240.03753662109375,92.29365539550781,53.767799377441406,44.38056182861328
2018-03-09,41.21815872192383,125.54000091552734,244.21470642089844,91.6871337890625,54.061058044433594,44.79954528808594
2018-03-12,41.31757736206055,125.54000091552734,243.90817260742188,92.21588897705078,54.29710006713867,44.87713623046875
2018-03-13,40.94474411010742,125.77999877929688,242.33187866210938,92.6824951171875,54.34716796875,44.55902099609375
2018-03-14,41.01102828979492,125.69999694824219,241.08831787109375,93.4989242553711,54.39724349975586,44.67539978027344
2018-03-15,40.86189270019531,124.9000015258789,240.8256072998047,93.4989242553711,54.3829345703125,44.61332702636719
2018-03-16,40.7707633972168,124.5999984741211,241.08676147460938,93.16454315185547,54.76203536987305,44.52797317504883
2018-03-19,40.3316535949707,124.87000274658203,237.8248291015625,92.86907958984375,54.28994369506836,44.1400260925293
2018-03-20,40.779048919677734,124.30999755859375,238.22927856445312,92.49581146240234,54.10396957397461,44.27968978881836
2018-03-21,41.019317626953125,126.4800033569336,237.7720489501953,92.596923828125,53.703426361083984,44.40384292602539
2018-03-22,39.65227508544922,125.9800033569336,231.82838439941406,93.51448059082031,53.3886833190918,43.441741943359375
2018-03-23,38.848628997802734,127.61000061035156,226.88705444335938,93.44449615478516,52.43736267089844,42.94517135620117
2018-03-26,40.10795211791992,128.27999877929688,233.094482421875,93.0867919921875,53.03392028808594,43.825740814208984
2018-03-27,39.378875732421875,127.48999786376953,229.12913513183594,94.0821304321289,53.23615264892578,43.35123825073242
2018-03-28,39.18003463745117,125.7300033569336,228.4521484375,94.33097076416016,54.57229995727539,43.4990234375
2018-03-29,40.0002555847168,125.79000091552734,231.37124633789062,94.78975677490234,54.50729751586914,43.98908615112305
2018-04-02,39.27945327758789,127.26000213623047,226.37713623046875,94.97676849365234,53.770606994628906,43.30455780029297
2018-04-03,39.668853759765625,126.30000305175781,229.2786102294922,94.24427795410156,54.22563171386719,43.70904541015625
2018-04-04,39.6854248046875,126.44999694824219,231.73167419433594,94.0494613647461,54.79618453979492,43.77906036376953
2018-04-05,39.78484344482422,125.80000305175781,233.56045532226562,93.34809875488281,54.774513244628906,44.06687927246094
2018-04-06,39.00605392456055,126.38999938964844,228.35537719726562,94.36893463134766,54.36283874511719,43.60792922973633
2018-04-09,39.04747772216797,126.81999969482422,229.48085021972656,94.52476501464844,54.18950653076172,43.93463134765625
2018-04-10,39.809696197509766,127.12000274658203,233.1296844482422,94.35336303710938,54.13172912597656,44.455810546875
2018-04-11,39.82626724243164,128.11000061035156,231.9075164794922,94.68846130371094,54.24729537963867,44.32358169555664
2018-04-12,39.809696197509766,126.62000274658203,233.8154754638672,93.99493408203125,53.64059829711914,44.448036193847656
2018-04-13,39.4119987487793,127.44999694824219,233.1296844482422,94.2131118774414,53.92228698730469,44.37803649902344
2018-04-16,39.46173095703125,127.62999725341797,235.04637145996094,94.24427795410156,54.254512786865234,44.46359634399414
2018-04-17,39.54458236694336,127.75,237.56106567382812,94.50141143798828,54.89007568359375,44.65806579589844
2018-04-18,39.884254455566406,127.8499984741211,237.73687744140625,93.74552917480469,54.774513244628906,44.914772033691406
2018-04-19,39.65227508544922,127.5999984741211,236.41799926757812,92.98188018798828,53.980064392089844,44.720298767089844
2018-04-20,39.15517807006836,126.62999725341797,234.41331481933594,92.31169128417969,53.48172378540039,44.44025802612305
2018-04-23,38.8403434753418,125.62000274658203,234.3782196044922,92.33506774902344,53.43838119506836,44.308021545410156
2018-04-24,38.65806579589844,126.2300033569336,231.22171020507812,91.91426086425781,53.64059829711914,44.12133026123047
2018-04-25,38.35980987548828,125.41000366210938,231.79322814941406,91.29862976074219,53.53948974609375,43.9813117980957
2018-04-26,38.914913177490234,124.97000122070312,234.14955139160156,91.93762969970703,54.240074157714844,44.30023956298828
2018-04-27,39.15517807006836,125.5,234.36936950683594,92.64674377441406,55.17176818847656,44.40914535522461
2018-04-30,38.87347412109375,124.58999633789062,232.5669708251953,92.81041717529297,54.955081939697266,44.19133377075195
2018-05-01,38.682926177978516,123.70999908447266,232.98019409179688,92.4761734008789,55.453426361083984,44.09021759033203
2018-05-02,38.37638854980469,123.6500015258789,231.4152069091797,92.37458801269531,55.251220703125,43.97352600097656
2018-05-03,38.29353332519531,124.27999877929688,230.9051971435547,92.78850555419922,55.215084075927734,44.06687927246094
2018-05-04,38.4675178527832,124.54000091552734,233.89462280273438,92.92912292480469,55.821773529052734,44.19912338256836
2018-05-07,38.24382781982422,124.56999969482422,234.68594360351562,92.7807388305664,56.197349548339844,44.12910842895508
2018-05-08,38.45923614501953,124.58999633789062,234.68594360351562,92.69483184814453,55.91566848754883,44.245792388916016
2018-05-09,38.53379821777344,124.33000183105469,236.95428466796875,92.1403579711914,56.29124069213867,44.29246139526367
2018-05-10,39.33744430541992,125.18000030517578,239.1699676513672,92.88226318359375,56.7318000793457,44.75141525268555
2018-05-11,39.27117156982422,125.0,239.8998260498047,93.1165542602539,56.536800384521484,44.80586624145508
2018-05-14,39.32088088989258,124.48999786376953,240.0140838623047,92.62451934814453,56.05289077758789,44.852542877197266
2018-05-15,38.50894546508789,122.4800033569336,238.3611297607422,91.57022857666016,55.14287567138672,44.43247604370117
2018-05-16,39.088897705078125,122.29000091552734,239.3634796142578,91.2187728881836,54.97675704956055,44.65028762817383
2018-05-17,38.492366790771484,122.36000061035156,239.16122436523438,90.75799560546875,54.702301025390625,44.549171447753906
2018-05-18,38.16926193237305,122.41000366210938,238.56333923339844,91.53894805908203,54.774513244628906,44.354698181152344
2018-05-21,38.40123748779297,122.4800033569336,240.3569793701172,91.58583068847656,55.42454147338867,44.65028762817383
2018-05-22,38.53379821777344,122.41000366210938,239.68881225585938,91.44522857666016,55.503990173339844,44.63473129272461
2018-05-23,38.51723098754883,122.54000091552734,240.34825134277344,92.10909271240234,56.06011199951172,44.253562927246094
2018-05-24,38.310096740722656,123.58999633789062,239.8557891845703,92.84322357177734,55.94456100463867,44.09799575805664
2018-05-25,38.4675178527832,123.20999908447266,239.28428649902344,93.42115783691406,56.13956069946289,43.93463134765625
2018-05-29,37.572731018066406,123.19000244140625,236.53233337402344,95.46731567382812,56.40679168701172,43.07119369506836
2018-05-30,37.87099075317383,123.37000274658203,239.68881225585938,94.82691955566406,57.17234802246094,43.63126754760742
2018-05-31,37.85441970825195,123.0999984741211,238.2203826904297,94.67072296142578,56.97736358642578,43.46791458129883
2018-06-01,38.38467025756836,122.48999786376953,240.55923461914062,94.17048645019531,57.230125427246094,43.86463165283203
2018-06-04,38.77406692504883,122.37000274658203,241.70225524902344,93.48947143554688,57.72846984863281,44.02799606323242
2018-06-05,38.475799560546875,122.8499984741211,241.8780975341797,93.70864868164062,57.576812744140625,43.93463134765625
2018-06-06,39.05575942993164,122.91999816894531,243.90029907226562,92.94935607910156,57.71403121948242,44.385807037353516
2018-06-07,38.45923614501953,122.86000061035156,243.8739013671875,93.84956359863281,57.71403121948242,44.035762786865234
2018-06-08,38.38467025756836,123.01000213623047,244.59495544433594,93.56776428222656,57.923484802246094,44.09799575805664
2018-06-11,38.38467025756836,123.2300033569336,244.92027282714844,93.39556121826172,57.83684158325195,44.29246139526367
2018-06-12,38.285247802734375,122.81999969482422,245.2367706298828,93.41903686523438,58.18351364135742,44.105777740478516
2018-06-13,38.02841567993164,123.19000244140625,244.45428466796875,93.37206268310547,57.04956817626953,44.07466125488281
2018-06-14,37.77157211303711,123.37999725341797,245.0696563720703,94.14703369140625,57.59126281738281,43.91130065917969
2018-06-15,37.47331237792969,121.33999633789062,244.7570343017578,94.23312377929688,57.55516052246094,43.61571502685547
2018-06-18,37.01763153076172,121.11000061035156,244.25364685058594,94.14703369140625,57.57118606567383,43.273433685302734
2018-06-19,36.609012603759766,120.80000305175781,243.3173828125,94.69499969482422,57.512882232666016,42.822269439697266
2018-06-20,36.7674560546875,120.26000213623047,243.73257446289062,93.86520385742188,58.15434646606445,42.94672775268555
2018-06-21,36.25042724609375,120.05000305175781,242.20468139648438,94.35838317871094,58.43132019042969,42.550018310546875
2018-06-22,36.62569046020508,120.33999633789062,242.64622497558594,94.35057067871094,58.89054870605469,43.00062942504883
2018-06-25,36.13368606567383,119.88999938964844,239.34312438964844,94.56193542480469,58.73748016357422,42.41082000732422
2018-06-26,35.99190902709961,119.26000213623047,239.87307739257812,94.69499969482422,58.927001953125,42.46587371826172
2018-06-27,35.29975891113281,118.58000183105469,237.88584899902344,95.58735656738281,58.70102310180664,41.93898010253906
2018-06-28,35.599979400634766,118.22000122070312,239.2459716796875,95.61085510253906,59.22586441040039,42.15130615234375
2018-06-29,36.13368606567383,118.6500015258789,239.5904541015625,95.28205108642578,59.37165451049805,42.54450225830078
2018-07-02,35.77509307861328,117.45999908447266,240.10264587402344,95.20758819580078,59.04362106323242,42.096248626708984
2018-07-03,35.800106048583984,118.6500015258789,239.25479125976562,95.71752166748047,59.48827362060547,42.19062042236328
2018-07-05,35.7083854675293,119.05000305175781,241.2066192626953,95.99210357666016,60.19535827636719,42.46587371826172
2018-07-06,36.200382232666016,118.86000061035156,243.24685668945312,96.30592346191406,60.51605987548828,42.69391632080078
2018-07-09,36.85084533691406,119.1500015258789,245.43704223632812,95.68609619140625,60.034976959228516,43.1500244140625
2018-07-10,36.7674560546875,118.93000030517578,246.32037353515625,95.67829895019531,60.15888595581055,43.1500244140625
2018-07-11,36.05028533935547,117.63999938964844,244.5186004638672,96.04703521728516,59.96209716796875,42.4422721862793
2018-07-12,36.542293548583984,118.12999725341797,246.7353973388672,96.03919982910156,60.144309997558594,42.80402755737305
2018-07-13,36.56731414794922,117.61000061035156,246.92971801757812,96.28240966796875,59.96209716796875,42.93770980834961
2018-07-16,36.3671760559082,117.55000305175781,246.70883178710938,95.88225555419922,59.641353607177734,42.85121154785156
2018-07-17,36.63402557373047,116.27999877929688,247.7069091796875,95.70178985595703,59.24772644042969,42.992759704589844
2018-07-18,36.59233093261719,116.30999755859375,248.22793579101562,95.3173599243164,58.98530197143555,42.98488998413086
2018-07-19,36.14202117919922,115.80999755859375,247.2918243408203,95.92150115966797,59.677799224853516,42.76470184326172
2018-07-20,36.65904235839844,116.55999755859375,247.00912475585938,94.74464416503906,59.101959228515625,43.09498977661133
2018-07-23,36.41720962524414,116.0,247.4684600830078,93.57561492919922,58.9780387878418,42.953433990478516
2018-07-24,36.950923919677734,116.04000091552734,248.71363830566406,93.89730072021484,58.679176330566406,43.2758674621582
2018-07-25,37.55134582519531,116.68000030517578,250.83343505859375,93.74821472167969,59.145668029785156,43.72412109375
2018-07-26,37.13438034057617,115.7699966430664,250.2416229248047,93.56780242919922,59.34248733520508,43.49606704711914
2018-07-27,37.26779556274414,115.83000183105469,248.54592895507812,93.72468566894531,58.708316802978516,43.5589599609375
2018-07-30,37.209434509277344,115.6500015258789,247.24758911132812,93.40303802490234,58.7447509765625,43.582557678222656
2018-07-31,37.409576416015625,115.98999786376953,248.4664764404297,93.9129867553711,59.72882080078125,43.62974548339844
2018-08-01,37.07600021362305,115.13999938964844,248.05136108398438,93.14793395996094,60.15160369873047,43.43313980102539
2018-08-02,36.583988189697266,114.5199966430664,249.40267944335938,93.2815933227539,59.91106033325195,43.10285949707031
2018-08-03,36.867530822753906,114.91999816894531,250.4712677001953,93.74551391601562,60.559814453125,43.20509338378906
2018-08-06,36.583988189697266,114.33000183105469,251.38978576660156,93.80052185058594,60.47963333129883,43.01634979248047
2018-08-07,36.959251403808594,114.58999633789062,252.21987915039062,93.31304168701172,60.370269775390625,43.2601318359375
2018-08-08,36.90922164916992,114.91000366210938,252.11395263671875,93.4073715209961,60.020389556884766,43.26799774169922
2018-08-09,36.80081558227539,114.73999786376953,251.76959228515625,94.19374084472656,60.049537658691406,43.1500244140625
2018-08-10,36.01692581176758,114.69000244140625,250.0827178955078,94.8778305053711,59.59031295776367,42.33217239379883
2018-08-13,35.42485046386719,112.95999908447266,249.14646911621094,94.68124389648438,59.47370147705078,42.00975036621094
2018-08-14,35.64167022705078,113.06999969482422,250.73622131347656,94.46894836425781,59.7652587890625,42.08839416503906
2018-08-15,34.615943908691406,111.19000244140625,248.8638458251953,95.01934814453125,60.22450637817383,41.40421676635742
2018-08-16,34.832767486572266,111.0999984741211,250.87747192382812,95.01148986816406,60.712886810302734,41.64799880981445
2018-08-17,35.199684143066406,112.12999725341797,251.76065063476562,95.12945556640625,61.274169921875,41.923240661621094
2018-08-20,35.35813903808594,112.69000244140625,252.2994384765625,95.76638793945312,61.31789779663086,42.11198043823242
2018-08-21,35.80844497680664,113.0199966430664,252.8911895751953,95.44393157958984,60.946144104003906,42.41868209838867
2018-08-22,36.091976165771484,113.2699966430664,252.74099731445312,95.8214340209961,60.603553771972656,42.63887023925781
2018-08-23,35.50823974609375,112.19999694824219,252.40542602539062,95.97077941894531,60.45046615600586,42.2378044128418
2018-08-24,36.16703414916992,114.16000366210938,253.92440795898438,96.15951538085938,60.807647705078125,42.63101577758789
2018-08-27,36.6840705871582,114.58999633789062,255.92929077148438,95.609130859375,60.58898162841797,43.189361572265625
2018-08-28,36.55064392089844,113.68000030517578,256.0529479980469,95.03510284423828,61.40535354614258,43.110721588134766
2018-08-29,36.775794982910156,114.19999694824219,257.4307556152344,95.1609115600586,61.41996383666992,43.30731964111328
2018-08-30,35.81678771972656,113.63999938964844,256.38861083984375,95.3653335571289,61.026329040527344,42.76470184326172
2018-08-31,36.00025177001953,113.51000213623047,256.3974304199219,95.14517974853516,61.266883850097656,42.58382797241211
2018-09-04,35.29975891113281,112.93000030517578,255.95587158203125,94.5950927734375,60.5379524230957,42.07267379760742
2018-09-05,34.79107666015625,113.31999969482422,255.26702880859375,94.34288024902344,60.8878288269043,41.68732452392578
2018-09-06,34.82442855834961,113.54000091552734,254.4987030029297,94.68962097167969,61.06277084350586,41.600826263427734
2018-09-07,34.64929962158203,113.2300033569336,254.00396728515625,93.88578033447266,60.399444580078125,41.30198669433594
2018-09-10,34.307395935058594,113.1500015258789,254.44561767578125,94.2325439453125,60.66915512084961,41.34916687011719
2018-09-11,34.382442474365234,113.22000122070312,255.28463745117188,93.51538848876953,60.6618766784668,41.41207504272461
2018-09-12,34.557579040527344,114.16999816894531,255.3464813232422,93.73604583740234,60.69102096557617,41.56936264038086
2018-09-13,35.024566650390625,113.76000213623047,256.8566589355469,93.87792205810547,60.98988342285156,41.93898010253906
2018-09-14,34.99121856689453,113.0199966430664,256.90087890625,93.42865753173828,60.603553771972656,41.93110656738281
2018-09-17,34.67432403564453,113.61000061035156,255.54074096679688,93.42865753173828,60.80036544799805,41.899658203125
2018-09-18,35.00788879394531,113.44000244140625,256.9273376464844,92.45146942138672,60.508766174316406,42.324310302734375
2018-09-19,35.49155807495117,113.87999725341797,257.2011413574219,91.8997802734375,59.80173110961914,42.56810760498047
2018-09-20,35.88349914550781,114.2699966430664,259.2854309082031,92.32536315917969,60.36298751831055,43.00849151611328
2018-09-21,36.05028533935547,113.48999786376953,259.0484619140625,92.28594970703125,60.34113693237305,43.032081604003906
2018-09-24,35.64167022705078,113.47000122070312,258.18798828125,92.04950714111328,59.25752639770508,42.76470184326172
2018-09-25,35.78343963623047,113.6500015258789,257.948486328125,91.9549560546875,59.26492691040039,43.00849151611328
2018-09-26,35.858482360839844,113.05000305175781,257.17657470703125,92.6012191772461,58.55534744262695,43.03062057495117
2018-09-27,36.03361129760742,112.05000305175781,257.89520263671875,92.66426849365234,58.83622360229492,42.983192443847656
2018-09-28,35.79177474975586,112.76000213623047,257.9219055175781,92.41996765136719,59.63450622558594,42.67499923706055
2018-10-01,35.800106048583984,112.56999969482422,258.81787109375,91.74147033691406,59.080142974853516,42.74610900878906
2018-10-02,35.34980392456055,113.87000274658203,258.6670837402344,92.30225372314453,58.947105407714844,42.48531723022461
2018-10-03,35.057926177978516,113.41999816894531,258.80902099609375,90.69881439208984,58.31882095336914,42.32726287841797
2018-10-04,34.182315826416016,113.4800033569336,256.7861633300781,90.0591049194336,57.83097839355469,41.74245834350586
2018-10-05,34.05722427368164,113.80000305175781,255.3490447998047,89.2850341796875,57.8014030456543,41.521183013916016
2018-10-08,34.107261657714844,112.54000091552734,255.3490447998047,88.9848403930664,58.63665771484375,41.36312484741211
2018-10-09,33.982173919677734,112.5999984741211,254.97633361816406,89.88529205322266,58.717952728271484,41.22087860107422
2018-10-10,32.97312927246094,112.87999725341797,246.9030303955078,89.64044952392578,57.84576416015625,40.22513198852539
2018-10-11,32.639556884765625,115.77999877929688,241.46456909179688,90.73040771484375,56.1900634765625,39.6877326965332
2018-10-12,33.59856414794922,115.2300033569336,244.8181915283203,90.41450500488281,56.0422477722168,40.059173583984375
2018-10-15,33.2399787902832,116.0,243.44305419921875,90.3750228881836,56.419212341308594,39.893211364746094
2018-10-16,34.07389831542969,115.80000305175781,248.76611328125,90.5803451538086,57.57966995239258,40.65979766845703
2018-10-17,33.656951904296875,115.79000091552734,248.81053161621094,90.04328918457031,57.357913970947266,40.3199577331543
2018-10-18,32.772987365722656,115.91999816894531,245.21734619140625,90.01167297363281,57.247047424316406,39.648231506347656
2018-10-19,33.081539154052734,116.01000213623047,245.0843048095703,89.81420135498047,57.742279052734375,39.87739944458008
2018-10-22,33.44013214111328,115.70999908447266,243.9841766357422,89.69570922851562,56.936614990234375,39.814186096191406
2018-10-23,33.07319259643555,116.38999938964844,242.74212646484375,89.98005676269531,57.18791961669922,39.39533996582031
2018-10-24,32.00578689575195,116.66000366210938,235.38742065429688,90.65937042236328,57.72750473022461,38.29685592651367
2018-10-25,32.62288284301758,116.4000015258789,239.61036682128906,90.28023529052734,58.46664810180664,38.786827087402344
2018-10-26,32.247615814208984,116.7699966430664,235.39622497558594,90.82522583007812,57.06226348876953,38.46280288696289
2018-10-29,31.688899993896484,116.30999755859375,234.09213256835938,90.61988067626953,57.78662109375,38.24153137207031
2018-10-30,32.305992126464844,115.80000305175781,237.56094360351562,90.1696548461914,58.57752227783203,38.699893951416016
2018-10-31,32.656246185302734,115.1500015258789,240.098388671875,89.71150207519531,57.89012908935547,39.02391052246094
2018-11-01,33.823726654052734,116.62999725341797,242.6534423828125,89.79466247558594,58.16360855102539,39.73515319824219
2018-11-02,34.04054641723633,116.6500015258789,241.21621704101562,88.67823791503906,57.68316650390625,39.95642852783203
2018-11-05,34.13227462768555,116.37000274658203,242.5469512939453,89.02664947509766,58.540584564208984,39.964324951171875
2018-11-06,34.07389831542969,116.04000091552734,244.08181762695312,88.97122192382812,58.83622360229492,40.051265716552734
2018-11-07,34.716026306152344,116.02999877929688,249.3073272705078,89.09000396728516,59.538421630859375,40.588653564453125
2018-11-08,33.81538772583008,115.77999877929688,248.85479736328125,89.08206176757812,59.582767486572266,40.13029861450195
2018-11-09,33.18994903564453,114.4800033569336,246.42391967773438,89.74713897705078,59.57537078857422,39.71144485473633
2018-11-12,32.72295379638672,113.66000366210938,241.81942749023438,90.33306121826172,59.69363784790039,39.0792350769043
2018-11-13,33.09821701049805,113.69999694824219,241.36695861816406,90.27764892578125,59.63450622558594,39.284698486328125
2018-11-14,33.2983512878418,114.63999938964844,239.71682739257812,90.33306121826172,59.48666763305664,39.40324783325195
2018-11-15,34.04054641723633,114.7699966430664,242.21864318847656,90.29348754882812,59.080142974853516,39.6877326965332
2018-11-16,34.107261657714844,115.62000274658203,242.84854125976562,90.8160171508789,59.715816497802734,39.6877326965332
2018-11-19,33.648597717285156,115.66999816894531,238.74093627929688,91.06941986083984,59.797122955322266,39.34792709350586
2018-11-20,32.92308807373047,115.66999816894531,234.32276916503906,91.10106658935547,59.183616638183594,38.54973220825195
2018-11-21,33.53185272216797,115.86000061035156,235.1211700439453,91.06941986083984,59.23536682128906,39.1424446105957
2018-11-23,33.1399040222168,115.7699966430664,233.5509033203125,91.16439819335938,59.11709976196289,38.8974609375
2018-11-26,33.54853820800781,115.63999938964844,237.32144165039062,90.95854187011719,59.22797775268555,39.4111442565918
2018-11-27,33.78203201293945,114.94999694824219,238.119873046875,91.0615005493164,59.479270935058594,39.31629943847656
2018-11-28,34.5909309387207,115.37999725341797,243.60269165039062,90.61809539794922,60.011470794677734,39.995948791503906
2018-11-29,34.29071807861328,115.73999786376953,243.07037353515625,90.97441864013672,60.02626419067383,39.798377990722656
2018-11-30,34.25736618041992,115.54000091552734,244.55194091796875,91.31485748291016,60.59540939331055,39.67984390258789
2018-12-03,34.94951248168945,116.41000366210938,247.79022216796875,91.96322631835938,60.920616149902344,40.248836517333984
2018-12-04,34.207332611083984,117.12000274658203,239.76126098632812,93.50286102294922,60.01887512207031,39.26889419555664
2018-12-06,33.89044189453125,117.13999938964844,239.39749145507812,93.79647827148438,61.504554748535156,38.94487762451172
2018-12-07,33.25666427612305,118.08999633789062,233.83474731445312,93.9710922241211,60.69887161254883,38.43910598754883
2018-12-10,32.906410217285156,117.68000030517578,234.2783966064453,94.35992431640625,60.30711364746094,38.107181549072266
2018-12-11,33.15658950805664,117.54000091552734,234.3316650390625,94.34403991699219,60.336692810058594,38.23362731933594
2018-12-12,33.698631286621094,117.79000091552734,235.51156616210938,93.9234848022461,59.40538024902344,38.83424377441406
2018-12-13,33.690303802490234,117.52999877929688,235.43177795410156,93.70123291015625,59.74868392944336,38.77892303466797
2018-12-14,33.2149543762207,117.05999755859375,231.08457946777344,94.0266342163086,59.57664108276367,38.24153137207031
2018-12-17,32.906410217285156,117.87000274658203,226.5510711669922,94.5741958618164,57.33271026611328,37.91752243041992
2018-12-18,33.129878997802734,118.1500015258789,226.30267333984375,95.14056396484375,57.923622131347656,37.96493911743164
2018-12-19,32.579689025878906,117.43000030517578,222.9136199951172,96.39749908447266,57.28783416748047,37.53028106689453
2018-12-20,32.83362579345703,119.23999786376953,219.28500366210938,96.04747772216797,56.427650451660156,37.48286056518555
2018-12-21,32.60507583618164,118.72000122070312,214.79197692871094,96.0315170288086,55.642269134521484,36.90596008300781
2018-12-24,32.300357818603516,120.0199966430664,209.1165313720703,96.50883483886719,53.660133361816406,36.51935577392578
2018-12-26,32.94365692138672,119.66000366210938,219.68211364746094,95.47469329833984,55.455265045166016,37.41397476196289
2018-12-27,32.901329040527344,120.56999969482422,221.36863708496094,95.49058532714844,55.44779586791992,37.421974182128906
2018-12-28,33.214515686035156,121.05999755859375,221.0831298828125,96.2940444946289,55.62730026245117,37.629634857177734
2018-12-31,33.06216812133789,121.25,223.01956176757812,96.65998840332031,55.776912689208984,37.71751022338867
2019-01-02,33.14680099487305,121.33000183105469,223.25155639648438,97.16912841796875,54.56517028808594,37.645626068115234
2019-01-03,32.545833587646484,122.43000030517578,217.9241943359375,98.27481842041016,54.94664001464844,37.22227478027344
2019-01-04,33.595428466796875,121.44000244140625,225.22373962402344,97.13728332519531,55.58993148803711,38.4363899230957
2019-01-07,33.67159652709961,121.86000061035156,226.99949645996094,96.85088348388672,56.13594436645508,38.55620574951172
2019-01-08,33.79856491088867,121.52999877929688,229.1322784423828,96.5963363647461,57.29530715942383,38.83576965332031
2019-01-09,34.3995475769043,122.30999755859375,230.20306396484375,96.44522094726562,57.21303939819336,39.35496139526367
2019-01-10,34.64501953125,121.58999633789062,231.01515197753906,95.8246841430664,57.99094772338867,39.48276901245117
2019-01-11,34.475730895996094,121.80000305175781,231.1044464111328,96.19860076904297,58.155487060546875,39.22716522216797
2019-01-14,34.18792724609375,122.08999633789062,229.6944122314453,95.8406753540039,57.96100997924805,39.059417724609375
2019-01-15,34.42494201660156,121.87999725341797,232.3269500732422,95.49058532714844,58.51451873779297,39.30704116821289
2019-01-16,34.84815216064453,122.2699966430664,232.88914489746094,95.5860595703125,58.925899505615234,39.46680450439453
2019-01-17,35.000518798828125,122.11000061035156,234.65599060058594,95.60991668701172,59.210140228271484,39.642520904541016
2019-01-18,35.1698112487793,121.0199966430664,237.77920532226562,95.10875701904297,59.41209030151367,39.9620246887207
2019-01-22,34.560367584228516,121.44999694824219,234.5667266845703,95.75312805175781,59.23259735107422,39.35496139526367
2019-01-23,34.91587448120117,121.27999877929688,235.05755615234375,95.71334838867188,59.240074157714844,39.594600677490234
2019-01-24,35.254451751708984,121.08999633789062,235.18247985839844,96.3417739868164,59.442020416259766,39.738372802734375
2019-01-25,35.72000503540039,122.86000061035156,237.17250061035156,95.88041687011719,60.18252182006836,40.177677154541016
2019-01-28,35.34756088256836,123.29000091552734,235.36985778808594,95.78496551513672,60.7734375,39.9620246887207
2019-01-29,35.40681838989258,123.9800033569336,235.05755615234375,96.27018737792969,61.25211715698242,40.041900634765625
2019-01-30,36.177085876464844,124.69000244140625,238.7786865234375,96.19860076904297,61.745811462402344,40.52116394042969
2019-01-31,36.4818000793457,124.75,240.87574768066406,97.02588653564453,62.389076232910156,40.60901641845703
2019-02-01,36.19400405883789,124.5,240.9917449951172,96.43994140625,61.99262619018555,40.54512023925781
2019-02-04,36.253257751464844,123.95999908447266,242.68722534179688,96.00936126708984,62.45639419555664,40.68091583251953
2019-02-05,36.75265884399414,124.27999877929688,243.70460510253906,96.44788360595703,62.815399169921875,41.04035949707031
2019-02-06,36.253257751464844,123.44000244140625,243.38331604003906,96.49571228027344,62.40402603149414,40.7527961730957
2019-02-07,35.8892936706543,123.73999786376953,241.0631561279297,97.13357543945312,62.920127868652344,40.21762466430664
2019-02-08,35.686134338378906,124.20999908447266,241.35763549804688,97.54813385009766,62.920127868652344,40.065860748291016
2019-02-11,35.56764602661133,123.5999984741211,241.49151611328125,97.1654052734375,63.092159271240234,39.98599624633789
2019-02-12,35.8638916015625,123.86000061035156,244.59703063964844,96.91830444335938,62.69572448730469,40.40932846069336
2019-02-13,35.60995864868164,123.37000274658203,245.39112854003906,96.55152893066406,63.01736068725586,40.35340881347656
2019-02-14,35.677677154541016,124.05999755859375,244.8468475341797,97.10166931152344,63.21931838989258,40.36939239501953
2019-02-15,35.62689208984375,124.80000305175781,247.51495361328125,97.25312805175781,63.64566421508789,40.776763916015625
2019-02-19,35.90621566772461,126.69999694824219,247.94334411621094,97.50028991699219,63.630706787109375,40.992427825927734
2019-02-20,36.10935974121094,126.4800033569336,248.4430389404297,97.22124481201172,63.234291076660156,41.18412780761719
2019-02-21,36.03318786621094,125.05000305175781,247.55960083007812,96.35220336914062,63.294097900390625,41.056331634521484
2019-02-22,36.431007385253906,125.5,249.09446716308594,96.9262466430664,63.668094635009766,41.311927795410156
2019-02-25,36.837310791015625,125.37000274658203,249.43348693847656,96.63920593261719,63.166954040527344,41.495643615722656
2019-02-26,36.71033477783203,125.58000183105469,249.2550811767578,97.11759948730469,62.97248458862305,41.63942337036133
2019-02-27,36.397159576416016,124.69000244140625,249.14793395996094,96.017333984375,62.658329010009766,41.43973922729492
2019-02-28,35.92314147949219,123.98999786376953,248.6839599609375,95.69042205810547,62.82289123535156,41.27198791503906
2019-03-01,35.96546936035156,121.87999725341797,250.23667907714844,94.80602264404297,62.628414154052734,41.383827209472656
2019-03-04,36.016258239746094,121.55999755859375,249.32644653320312,95.54902648925781,62.912628173828125,41.335899353027344
2019-03-05,36.37176513671875,121.72000122070312,248.98731994628906,95.74881744384766,63.084693908691406,41.415771484375
2019-03-06,36.168617248535156,121.61000061035156,247.4791717529297,96.10031127929688,62.7929801940918,41.27997589111328
2019-03-07,35.49992752075195,121.51000213623047,245.4089813232422,96.7235336303711,62.658329010009766,40.728843688964844
2019-03-08,35.24598693847656,122.83999633789062,244.91812133789062,97.13098907470703,62.725650787353516,40.64097213745117
2019-03-11,35.90621566772461,122.23999786376953,248.4698486328125,96.84336853027344,63.64566421508789,41.1202278137207
2019-03-12,36.092437744140625,122.9800033569336,249.40679931640625,97.5224838256836,63.93738555908203,41.18412780761719
2019-03-13,36.1347541809082,123.83999633789062,251.05767822265625,97.33873748779297,64.25151824951172,41.43973922729492
2019-03-14,35.9400749206543,122.41000366210938,250.89706420898438,96.6356201171875,64.34877014160156,41.375831604003906
2019-03-15,36.464874267578125,122.97000122070312,252.1365509033203,97.27479553222656,64.14682006835938,41.79917526245117
2019-03-18,36.87116241455078,123.04000091552734,253.05075073242188,97.2188720703125,63.825191497802734,42.0388069152832
2019-03-19,36.888092041015625,123.37999725341797,253.1134796142578,97.00315856933594,63.630706787109375,42.0787467956543
2019-03-20,36.94734573364258,124.18000030517578,252.3517608642578,98.01786041259766,63.825191497802734,42.08673095703125
2019-03-21,36.99813461303711,123.68000030517578,255.201904296875,98.23355865478516,64.96209716796875,42.09470748901367
2019-03-22,35.914676666259766,123.97000122070312,250.29017639160156,99.75965118408203,64.49088287353516,41.192115783691406
2019-03-25,35.99932861328125,124.91999816894531,250.1019287109375,99.91943359375,64.57315826416016,41.22897720336914
2019-03-26,36.10935974121094,124.30000305175781,251.96633911132812,99.84750366210938,65.08926391601562,41.469383239746094
2019-03-27,35.72000503540039,123.6500015258789,250.6487274169922,100.76632690429688,64.90225982666016,41.34116744995117
2019-03-28,35.957008361816406,121.9000015258789,251.59877014160156,101.11786651611328,65.53205108642578,41.36519241333008
2019-03-29,36.329429626464844,122.01000213623047,253.1853485107422,101.0219955444336,65.4718017578125,41.589595794677734
2019-04-01,36.930416107177734,121.52999877929688,256.1878356933594,99.58707427978516,65.43412780761719,42.12648010253906
2019-04-02,36.81190872192383,121.9800033569336,256.3133239746094,99.771240234375,65.89366149902344,42.16653823852539
2019-04-03,37.06584548950195,121.80000305175781,256.7167053222656,98.90642547607422,65.81831359863281,42.43098449707031
2019-04-04,37.29438018798828,122.11000061035156,257.3978271484375,99.18670654296875,65.71285247802734,42.47105026245117
2019-04-05,37.582183837890625,121.9800033569336,258.6436767578125,99.31482696533203,66.17240142822266,42.5832405090332
2019-04-08,37.582183837890625,122.51000213623047,258.84088134765625,98.96251678466797,65.8032455444336,42.57522964477539
2019-04-09,37.50599670410156,123.1500015258789,257.51434326171875,99.2747573852539,65.45671844482422,42.43900680541992
2019-04-10,37.68375778198242,123.52999877929688,258.3927001953125,99.51498413085938,66.05937957763672,42.56720733642578
2019-04-11,37.277462005615234,121.94999694824219,258.32098388671875,98.93048095703125,66.01422119140625,42.42299270629883
2019-04-12,37.548316955566406,121.83000183105469,260.0687255859375,98.225830078125,66.33056640625,42.74351119995117
2019-04-15,37.3536376953125,121.5999984741211,259.8985290527344,98.47404479980469,65.99160766601562,42.70344924926758
2019-04-16,37.632965087890625,120.51000213623047,260.0687255859375,97.8575210571289,64.5,42.863712310791016
2019-04-17,37.743003845214844,120.27999877929688,259.43243408203125,97.89750671386719,63.91240692138672,42.911800384521484
2019-04-18,37.71761703491211,120.37000274658203,259.94342041015625,98.40998077392578,64.40206909179688,42.879737854003906
2019-04-22,37.472145080566406,120.37000274658203,260.1674499511719,97.93754577636719,63.693965911865234,42.79960632324219
2019-04-23,37.556785583496094,120.12000274658203,262.5068054199219,98.14576721191406,64.53765106201172,42.90378189086914
2019-04-24,37.048912048339844,120.47000122070312,261.9241027832031,98.94651794433594,65.01226806640625,42.49509811401367
2019-04-25,36.99813461303711,120.56999969482422,261.76275634765625,98.80237579345703,64.87667846679688,42.42299270629883
2019-04-26,37.14202880859375,121.37000274658203,262.981689453125,99.138671875,65.388916015625,42.64735412597656
2019-04-29,37.21820831298828,120.83000183105469,263.39404296875,98.50609588623047,64.74858856201172,42.751522064208984
2019-04-30,37.184356689453125,121.19999694824219,263.5284423828125,99.01057434082031,65.36631774902344,42.74351119995117
2019-05-01,36.90502166748047,120.4000015258789,261.54766845703125,99.41900634765625,65.41905975341797,42.51913833618164
2019-05-02,36.989662170410156,119.94000244140625,260.9830017089844,98.94554901123047,65.48687744140625,42.45502471923828
2019-05-03,37.42981719970703,120.6500015258789,263.53741455078125,99.22638702392578,66.04430389404297,42.88775634765625
2019-05-06,36.65955352783203,120.80999755859375,262.4528503417969,99.49922943115234,65.83340454101562,42.36688995361328
2019-05-07,35.9400749206543,121.20999908447266,258.070068359375,100.2614974975586,64.64311981201172,41.64568328857422
2019-05-08,35.8892936706543,120.91000366210938,257.7114562988281,99.82821655273438,64.5753402709961,41.68574142456055
2019-05-09,35.322166442871094,121.19999694824219,256.9317932128906,100.23741912841797,64.74105072021484,41.34918212890625
2019-05-10,35.53378677368164,121.43000030517578,258.222412109375,100.10104370117188,65.43412780761719,41.6536865234375
2019-05-13,34.34876251220703,122.66999816894531,251.733154296875,100.88740539550781,65.36631774902344,40.6119499206543
2019-05-14,34.83123016357422,122.45999908447266,254.0099334716797,100.59054565429688,65.60736846923828,41.020626068115234
2019-05-15,34.89894485473633,122.38999938964844,255.49769592285156,101.2083511352539,66.05184173583984,41.148841857910156
2019-05-16,34.72966003417969,121.51000213623047,257.8638916015625,100.87135314941406,66.3155288696289,41.34116744995117
2019-05-17,34.103294372558594,120.6500015258789,256.1968078613281,101.0960464477539,66.18745422363281,40.99658966064453
2019-05-20,33.959388732910156,120.63999938964844,254.5028533935547,100.88740539550781,65.2307357788086,40.83631896972656
2019-05-21,34.391075134277344,120.36000061035156,256.7973327636719,100.72688293457031,65.78819274902344,41.10877990722656
2019-05-22,34.2217903137207,120.23999786376953,256.008544921875,101.3046646118164,65.98404693603516,40.972557067871094
2019-05-23,33.78163528442383,121.16999816894531,252.88050842285156,102.44407653808594,66.13471221923828,40.55586242675781
2019-05-24,33.81550216674805,121.30000305175781,253.45413208007812,102.53236389160156,66.33809661865234,40.8843994140625
2019-05-28,33.93400192260742,120.83000183105469,251.096923828125,103.27056884765625,65.68273162841797,40.62797927856445
2019-05-29,34.15406799316406,120.87000274658203,249.41184997558594,103.58348083496094,64.80887603759766,40.49173355102539
2019-05-30,34.340293884277344,121.69000244140625,250.09307861328125,104.47418975830078,65.0800552368164,40.635986328125
2019-05-31,34.458797454833984,123.33000183105469,246.72303771972656,105.78214263916016,65.45671844482422,40.42763900756836
2019-06-03,34.771976470947266,125.11000061035156,246.09556579589844,106.48970794677734,65.61492156982422,40.676055908203125
2019-06-04,34.84815216064453,125.1500015258789,251.4375762939453,105.27555084228516,65.32112884521484,41.07672882080078
2019-06-05,34.56883239746094,125.47000122070312,253.61550903320312,104.68058776855469,66.68463897705078,40.980567932128906
2019-06-06,34.58576202392578,125.87999725341797,255.2646484375,105.01824188232422,66.81271362304688,41.07672882080078
2019-06-07,34.85662078857422,126.58999633789062,257.8191833496094,105.9268569946289,67.0613021850586,41.549522399902344
2019-06-10,35.22060012817383,125.33000183105469,259.002197265625,104.92982482910156,66.84285736083984,41.717796325683594
2019-06-11,35.618431091308594,125.18000030517578,258.9393615722656,104.99411010742188,67.02365112304688,41.990264892578125
2019-06-12,35.237525939941406,125.83000183105469,258.48236083984375,105.07453918457031,67.24962615966797,41.621639251708984
2019-06-13,35.17827224731445,126.5999984741211,259.5489501953125,105.43635559082031,67.53592681884766,41.66970443725586
2019-06-14,34.78890609741211,126.55999755859375,259.2621765136719,105.70169067382812,67.57360076904297,41.33315658569336
2019-06-17,34.92622756958008,126.4800033569336,259.3608093261719,105.8866958618164,68.29676818847656,41.373226165771484
2019-06-18,35.770599365234375,127.12000274658203,262.076416015625,106.41736602783203,68.22899627685547,42.03032684326172
2019-06-19,36.06911087036133,127.88999938964844,262.6681823730469,106.57012176513672,68.59810638427734,42.310787200927734
2019-06-20,36.5979118347168,131.11000061035156,265.177734375,106.85151672363281,68.94462585449219,42.75953674316406
2019-06-21,36.47850036621094,131.97999572753906,264.79217529296875,105.67755126953125,67.97283935546875,42.590118408203125
2019-06-24,36.42733383178711,133.94000244140625,264.4678955078125,106.4655532836914,67.73930358886719,42.630645751953125
2019-06-25,36.05205535888672,134.1999969482422,261.8741149902344,106.79521179199219,66.73737335205078,42.33071517944336
2019-06-26,36.393211364746094,132.97000122070312,261.6128845214844,106.1117935180664,65.40400695800781,42.460411071777344
2019-06-27,36.649085998535156,132.83999633789062,262.5404968261719,106.85955047607422,66.2459487915039,42.59823226928711
2019-06-28,36.5979118347168,133.1999969482422,263.8915100097656,106.7872085571289,66.47410583496094,42.760353088378906
2019-07-01,37.03288650512695,130.6199951171875,266.2872009277344,106.5374755859375,66.44369506835938,43.01164245605469
2019-07-02,36.93906784057617,133.41000366210938,266.9808044433594,107.35919189453125,67.59976959228516,43.16566467285156
2019-07-03,36.8708381652832,133.6300048828125,269.1153259277344,108.12452697753906,68.40597534179688,43.31967544555664
2019-07-05,36.614967346191406,132.13999938964844,268.8091735839844,106.69046783447266,68.16259765625,43.03596115112305
2019-07-08,36.393211364746094,131.2899932861328,267.3320617675781,106.83555603027344,68.40597534179688,42.768455505371094
2019-07-09,36.28233337402344,131.75,267.6652526855469,106.79524230957031,68.63414764404297,42.6063346862793
2019-07-10,36.589385986328125,133.8300018310547,268.94415283203125,106.20716094970703,69.0296401977539,42.80088806152344
2019-07-11,36.52114486694336,132.6999969482422,269.5746765136719,104.78923797607422,68.13215637207031,42.8251953125
2019-07-12,36.5467414855957,133.52999877929688,270.7815246582031,104.91007232666016,68.04090118408203,42.85762405395508
2019-07-15,36.68319320678711,133.52999877929688,270.8715515136719,105.5142822265625,67.98766326904297,42.930580139160156
2019-07-16,36.63203048706055,132.39999389648438,269.998046875,105.2000732421875,67.82795715332031,42.79277038574219
2019-07-17,36.52114486694336,134.5800018310547,268.16058349609375,106.33605194091797,67.59976959228516,42.71171569824219
2019-07-18,36.74290466308594,136.47999572753906,269.142333984375,106.34410095214844,67.59976959228516,42.849517822265625
2019-07-19,36.55526351928711,134.47000122070312,267.64727783203125,106.09439849853516,66.49693298339844,42.71171569824219
2019-07-22,36.56379318237305,134.4499969482422,268.30474853515625,106.29576873779297,66.43609619140625,42.77656555175781
2019-07-23,36.60643005371094,133.69000244140625,270.22314453125,105.71570587158203,67.18905639648438,42.96300506591797
2019-07-24,36.6661376953125,134.3699951171875,271.4930725097656,106.17493438720703,67.24232482910156,42.96300506591797
2019-07-25,36.342037200927734,133.4199981689453,270.1961364746094,105.6673355102539,66.84679412841797,42.565799713134766
2019-07-26,36.41880416870117,133.63999938964844,272.0064392089844,105.91708374023438,67.15104675292969,42.679290771484375
2019-07-29,36.35057067871094,134.52999877929688,271.5111083984375,105.94930267333984,67.33356475830078,42.695499420166016
2019-07-30,36.06911087036133,134.97999572753906,270.84454345703125,106.20716094970703,67.8735580444336,42.23345184326172
2019-07-31,35.6255989074707,133.2100067138672,267.88140869140625,107.06109619140625,67.60736083984375,41.90919494628906
2019-08-01,34.92622756958008,136.41000366210938,265.5487365722656,109.18739318847656,67.60736083984375,41.601158142089844
2019-08-02,34.58506774902344,135.88999938964844,263.54931640625,110.1964111328125,67.93441772460938,41.293121337890625
2019-08-05,33.30571746826172,137.7899932861328,255.62355041503906,112.10152435302734,66.59580993652344,40.16636276245117
2019-08-06,33.78334426879883,138.91000366210938,259.2080993652344,112.99756622314453,67.33356475830078,40.50682067871094
2019-08-07,33.93686294555664,141.02000427246094,259.36126708984375,113.0379409790039,67.98766326904297,40.685150146484375
2019-08-08,34.35478210449219,141.72999572753906,264.4499816894531,113.28008270263672,69.18175506591797,41.155311584472656
2019-08-09,34.005088806152344,141.25999450683594,262.64862060546875,113.05406188964844,69.09809112548828,40.83917236328125
2019-08-12,33.595703125,142.6300048828125,259.451416015625,115.41120147705078,68.91556549072266,40.44197082519531
2019-08-13,34.02214813232422,141.77999877929688,263.4861755371094,115.01567077636719,69.01443481445312,40.88782501220703
2019-08-14,33.04131317138672,142.75,255.69554138183594,117.60688018798828,67.96485137939453,39.73672866821289
2019-08-15,33.26307678222656,143.6999969482422,256.3710632324219,118.91463470458984,68.64175415039062,39.88264083862305
2019-08-16,33.723636627197266,142.77999877929688,260.15386962890625,117.96208190917969,69.34906768798828,40.38521957397461
2019-08-19,33.860103607177734,141.11000061035156,263.2880554199219,116.2748794555664,69.85108184814453,40.579776763916016
2019-08-20,33.92832946777344,142.2100067138672,261.27056884765625,117.47771453857422,69.35669708251953,40.498714447021484
2019-08-21,34.25242614746094,141.75999450683594,263.3961486816406,116.69471740722656,69.6457290649414,40.8067512512207
2019-08-22,33.808929443359375,141.39999389648438,263.3151550292969,115.91974639892578,69.96515655517578,40.65273666381836
2019-08-23,33.30571746826172,144.1699981689453,256.5511474609375,117.82483673095703,68.98399353027344,40.10150146484375
2019-08-26,33.48482894897461,144.19000244140625,259.3882751464844,117.34858703613281,69.5163803100586,40.40955352783203
2019-08-27,33.54453659057617,145.57000732421875,258.3705749511719,119.15681457519531,69.31864929199219,40.3690185546875
2019-08-28,33.63834762573242,145.16000366210938,260.1899108886719,119.31010437011719,69.54685974121094,40.4500846862793
2019-08-29,34.01362228393555,144.1199951171875,263.51324462890625,118.85812377929688,70.08684539794922,40.782440185546875
2019-08-30,34.27802276611328,143.75,263.3961486816406,118.89039611816406,70.14009857177734,41.001304626464844
2019-09-03,34.06480026245117,145.75,261.85601806640625,119.04409790039062,70.83981323242188,40.83917236328125
2019-09-04,34.636234283447266,146.66000366210938,264.8282775878906,119.22196197509766,71.43304443359375,41.45525360107422
2019-09-05,35.02857208251953,143.13999938964844,268.2326354980469,117.06282806396484,70.91585540771484,41.77138137817383
2019-09-06,35.18209457397461,141.9199981689453,268.4398498535156,117.89574432373047,71.0755844116211,41.901092529296875
2019-09-09,35.2929801940918,141.38999938964844,268.5750427246094,115.80128479003906,70.73333740234375,41.94973373413086
2019-09-10,35.31856155395508,140.17999267578125,268.5119323730469,113.77156066894531,70.00316619873047,42.022682189941406
2019-09-11,35.56589889526367,141.02999877929688,270.42132568359375,113.56941223144531,70.07925415039062,42.25776672363281
2019-09-12,35.82176971435547,141.32000732421875,271.3579406738281,112.82538604736328,70.45191192626953,42.50094985961914
2019-09-13,36.026466369628906,140.14999389648438,271.1777648925781,110.41558074951172,69.69895935058594,42.74413299560547
2019-09-16,35.74501037597656,141.32000732421875,270.3402099609375,111.82266235351562,70.30738830566406,42.4036750793457
2019-09-17,35.74501037597656,141.60000610351562,271.02471923828125,112.42914581298828,71.06797790527344,42.53337860107422
2019-09-18,35.60002136230469,140.7100067138672,271.18682861328125,112.90625,70.8245849609375,42.45231628417969
2019-09-19,35.45502853393555,141.27999877929688,271.1687927246094,113.24588012695312,71.0755844116211,42.51716613769531
2019-09-20,35.48914337158203,142.9499969482422,269.8875427246094,114.74198150634766,71.0755844116211,42.476646423339844
2019-09-23,35.52325439453125,143.75,269.82427978515625,114.71768188476562,71.1896743774414,42.428001403808594
2019-09-24,35.147987365722656,144.50999450683594,267.7070617675781,116.10052490234375,71.03173065185547,42.199710845947266
2019-09-25,35.12239074707031,141.8300018310547,269.29046630859375,114.40234375,71.16974639892578,42.16708755493164
2019-09-26,35.11385726928711,141.7899932861328,268.7294921875,115.13819122314453,71.76773834228516,42.20785903930664
2019-09-27,34.661834716796875,141.05999755859375,267.2817077636719,115.4212646484375,71.36907196044922,41.95511245727539
2019-09-30,34.857994079589844,138.8699951171875,268.5213317871094,115.70433044433594,71.49173736572266,42.11819076538086
2019-10-01,34.61065673828125,139.6300048828125,265.32733154296875,116.0525894165039,70.81706237792969,41.7349967956543
2019-10-02,34.346256256103516,141.25999450683594,260.6405029296875,116.33614349365234,70.51808166503906,41.08275604248047
2019-10-03,34.789764404296875,141.89999389648438,262.7757873535156,117.39730072021484,71.20040130615234,41.400726318359375
2019-10-04,34.94327926635742,141.89999389648438,266.3316650390625,118.26409912109375,71.62974548339844,41.67791748046875
2019-10-07,34.65329360961914,140.69000244140625,265.18255615234375,117.2839584350586,71.4764175415039,41.53931427001953
2019-10-08,34.40596389770508,141.9199981689453,261.0656433105469,117.59983825683594,71.10075378417969,41.18874740600586
2019-10-09,34.67035675048828,142.0500030517578,263.54486083984375,116.93558502197266,71.2387466430664,41.51485824584961
2019-10-10,35.02857208251953,140.80999755859375,265.32733154296875,115.19385528564453,71.35374450683594,41.82468032836914
2019-10-11,35.59148406982422,140.02999877929688,268.0779113769531,113.76820373535156,71.32305908203125,42.493221282958984
2019-10-14,35.43796920776367,140.58999633789062,267.7793884277344,114.59445190429688,71.35374450683594,42.32200241088867
2019-10-15,35.75353240966797,139.61000061035156,270.4305725097656,113.20922088623047,71.44574737548828,42.76227569580078
2019-10-16,35.85588836669922,140.41000366210938,269.9962463378906,113.34693145751953,71.4533920288086,42.851951599121094
2019-10-17,35.99235916137695,140.61000061035156,270.79241943359375,113.0715103149414,71.92107391357422,42.96607971191406
2019-10-18,35.804718017578125,140.4600067138672,269.6070861816406,113.0715103149414,72.47306060791016,42.884559631347656
2019-10-21,36.128807067871094,139.7899932861328,271.43487548828125,112.22091674804688,73.02507781982422,43.14546203613281
2019-10-22,36.15439987182617,140.1999969482422,270.5481262207031,112.8770523071289,72.8104019165039,43.10468673706055
2019-10-23,36.162933349609375,140.52999877929688,271.3352966308594,112.99044799804688,72.9714126586914,43.25959396362305
2019-10-24,36.162933349609375,141.52999877929688,271.77862548828125,112.7636947631836,72.78740692138672,43.33298110961914
2019-10-25,36.41880416870117,141.86000061035156,272.8916015625,112.21282196044922,72.1664047241211,43.42266082763672
2019-10-28,36.63203048706055,140.63999938964844,274.4297790527344,111.19205474853516,71.72940826416016,43.61016845703125
2019-10-29,36.44438552856445,140.25,274.3483581542969,111.26497650146484,72.1664047241211,43.53679275512695
2019-10-30,36.60643005371094,141.02000427246094,275.18988037109375,112.8932113647461,72.42706298828125,43.699851989746094
2019-10-31,36.31645202636719,142.42999267578125,274.4569396972656,114.41629028320312,72.29673767089844,43.56126403808594
2019-11-01,36.86231231689453,142.55999755859375,276.9994812011719,114.06401824951172,72.28141784667969,43.98521041870117
2019-11-04,37.22905731201172,142.14999389648438,278.1123962402344,112.56278991699219,71.77542114257812,44.23794937133789
2019-11-05,37.442283630371094,139.85000610351562,277.8046875,111.29682922363281,70.55641174316406,44.31132507324219
2019-11-06,37.322872161865234,140.4499969482422,277.8680114746094,111.97036743164062,70.70972442626953,44.23794937133789
2019-11-07,37.595802307128906,138.27000427246094,278.8452453613281,109.9416275024414,70.00440216064453,44.40916442871094
2019-11-08,37.254638671875,137.38999938964844,279.53289794921875,109.47903442382812,69.83573913574219,44.30317306518555
2019-11-11,36.990234375,137.05999755859375,278.9990234375,109.55210876464844,69.98908233642578,44.156429290771484
2019-11-12,36.751426696777344,137.42999267578125,279.5871887207031,110.05525970458984,69.46006774902344,44.107513427734375
2019-11-13,36.469966888427734,137.97999572753906,279.6776428222656,110.76934051513672,70.09639739990234,43.94443893432617
2019-11-14,36.49556350708008,138.55999755859375,280.0848388671875,111.9135971069336,70.64075469970703,43.89552307128906
2019-11-15,36.78554153442383,138.2100067138672,282.1116638183594,111.79183959960938,71.02407836914062,44.18903350830078
2019-11-18,36.72584533691406,138.6199951171875,282.3196716308594,111.99468994140625,71.36907196044922,44.21349334716797
2019-11-19,36.8026008605957,138.69000244140625,282.2383117675781,112.92796325683594,71.49173736572266,44.180877685546875
2019-11-20,36.64055633544922,138.75999450683594,281.18878173828125,114.09652709960938,71.4533920288086,43.95260238647461
2019-11-21,36.56379318237305,138.0,280.7363586425781,113.38238525390625,70.44905853271484,43.871070861816406
2019-11-22,36.56379318237305,137.74000549316406,281.360595703125,113.52836608886719,70.18842315673828,43.96075439453125
2019-11-25,36.930538177490234,137.0800018310547,283.54119873046875,113.8611831665039,70.41072845458984,44.286865234375
2019-11-26,36.81966018676758,137.74000549316406,284.1836242675781,114.5265884399414,71.34606170654297,44.286865234375
2019-11-27,36.86231231689453,137.00999450683594,285.450439453125,114.1938705444336,71.68341064453125,44.38470458984375
2019-11-29,36.28233337402344,137.86000061035156,284.3917236328125,113.95040130615234,71.35374450683594,43.99335861206055
2019-12-02,36.27381134033203,137.7899932861328,281.9759216308594,112.43112182617188,70.27275848388672,43.81399917602539
2019-12-03,36.0861701965332,139.11000061035156,280.0848388671875,114.78853607177734,70.72505187988281,43.66724395751953
2019-12-04,36.35909652709961,138.9199981689453,281.81304931640625,113.64234924316406,71.01641845703125,44.042274475097656
2019-12-05,36.52114486694336,139.0,282.3196716308594,113.08955383300781,71.05474090576172,44.042274475097656
2019-12-06,36.734371185302734,137.6199951171875,284.89849853515625,112.46360778808594,71.20040130615234,44.417327880859375
2019-12-09,36.589385986328125,137.5800018310547,284.0027160644531,112.70746612548828,71.33840942382812,44.18903350830078
2019-12-10,36.717315673828125,137.97000122070312,283.68603515625,112.71561431884766,70.9244155883789,44.27056884765625
2019-12-11,37.254638671875,138.9199981689453,284.4913024902344,113.6017074584961,70.20375061035156,44.5640754699707
2019-12-12,37.90284729003906,138.42999267578125,286.9432067871094,111.73204040527344,69.25308227539062,45.00432586669922
2019-12-13,37.885780334472656,139.0500030517578,287.1153259277344,113.02448272705078,69.26842498779297,45.19184494018555
2019-12-16,38.207237243652344,139.0399932861328,289.0877990722656,112.00845336914062,69.7667465209961,45.62395477294922
2019-12-17,38.55567932128906,139.00999450683594,289.15106201171875,111.85392761230469,69.1073989868164,45.56687927246094
2019-12-18,38.76474380493164,139.02000427246094,289.16912841796875,110.9354019165039,69.9497299194336,45.5994987487793
2019-12-19,38.782169342041016,139.3800048828125,290.35455322265625,111.11287689208984,70.56964874267578,45.57502746582031
2019-12-20,38.860565185546875,139.52000427246094,291.6274108886719,111.25943756103516,70.95709991455078,45.59134292602539
2019-12-23,38.91283416748047,139.9499969482422,292.07293701171875,111.09664154052734,70.60063171386719,45.663902282714844
2019-12-24,38.82571792602539,141.27000427246094,292.08209228515625,111.41415405273438,70.7865982055664,45.67215347290039
2019-12-26,39.10448455810547,142.3800048828125,293.6368103027344,111.68283081054688,71.09654998779297,45.87004470825195
2019-12-27,39.26128387451172,142.3300018310547,293.56414794921875,111.80500030517578,71.32128143310547,46.09266662597656
2019-12-30,38.999942779541016,142.6300048828125,291.9456481933594,111.39789581298828,71.39102172851562,45.73811340332031
2019-12-31,39.08706283569336,142.89999389648438,292.65496826171875,110.30683135986328,71.90245819091797,45.91950988769531
2020-01-02,39.87977600097656,143.9499969482422,295.39178466796875,111.55252838134766,71.05781555175781,46.43073654174805
2020-01-03,39.13932800292969,145.86000061035156,293.1549377441406,113.2705307006836,71.49951171875,45.86178970336914
2020-01-06,39.04349899291992,147.38999938964844,294.27337646484375,112.6272964477539,71.58473205566406,45.92776107788086
2020-01-07,39.017372131347656,147.97000122070312,293.4459533691406,112.07366943359375,70.7865982055664,45.845314025878906
2020-01-08,39.24386215209961,146.86000061035156,295.0098876953125,111.33264923095703,71.00357055664062,45.92776107788086
2020-01-09,39.50519561767578,146.02999877929688,297.0102844238281,111.72351837158203,70.9648208618164,46.133907318115234
2020-01-10,39.71426010131836,146.91000366210938,296.15557861328125,112.71685791015625,71.50725555419922,46.0761833190918
2020-01-13,40.3327522277832,145.82000732421875,298.19232177734375,112.37492370605469,72.36738586425781,46.42250061035156
2020-01-14,40.106266021728516,145.69000244140625,297.7377014160156,112.95301055908203,72.0961685180664,46.43073654174805
2020-01-15,39.792659759521484,146.5399932861328,298.4104919433594,113.70201110839844,72.7470932006836,46.30706024169922
2020-01-16,40.04529571533203,146.30999755859375,300.8928527832031,113.34378051757812,73.3282470703125,46.55442428588867
2020-01-17,40.27178192138672,146.5800018310547,301.8294372558594,112.37492370605469,73.39800262451172,46.702850341796875
2020-01-21,39.25257110595703,146.74000549316406,301.23834228515625,113.55547332763672,74.09539031982422,46.191619873046875
2020-01-22,39.57487869262695,146.7899932861328,301.274658203125,113.95447540283203,73.5994644165039,46.35654067993164
2020-01-23,39.16545486450195,147.1199951171875,301.6202392578125,114.7523422241211,74.21939849853516,46.175132751464844
2020-01-24,38.85185623168945,147.97999572753906,298.9378662109375,115.68052673339844,73.9636459350586,45.91126251220703
2020-01-27,37.510337829589844,148.99000549316406,294.1461181640625,117.47991943359375,73.60723114013672,44.90531539916992
2020-01-28,37.823936462402344,147.66000366210938,297.2284851074219,116.55982971191406,73.90167999267578,45.243377685546875
2020-01-29,38.00687789916992,148.4600067138672,296.98297119140625,117.69972229003906,73.63045501708984,45.26813507080078
2020-01-30,37.440643310546875,148.47000122070312,297.94683837890625,117.71600341796875,73.68470001220703,45.10321044921875
2020-01-31,36.682777404785156,149.3300018310547,292.5367736816406,118.7907943725586,72.78584289550781,44.36111068725586
2020-02-03,37.092201232910156,148.36000061035156,294.7098693847656,118.69448852539062,73.02605438232422,44.44356155395508
2020-02-04,38.05042266845703,146.42999267578125,299.2015686035156,117.09603881835938,73.77769470214844,45.22689437866211
2020-02-05,38.26820755004883,146.61000061035156,302.6567687988281,115.81566619873047,73.82417297363281,45.63916778564453
2020-02-06,38.30305480957031,147.39999389648438,303.67510986328125,116.33760070800781,74.07215118408203,45.74635696411133
2020-02-07,37.77167510986328,147.7899932861328,302.0566711425781,117.78922271728516,74.05663299560547,45.29285430908203
2020-02-10,37.980735778808594,148.1699981689453,304.3116149902344,118.11550903320312,74.88580322265625,45.38356399536133
2020-02-11,38.477272033691406,147.66000366210938,304.8390808105469,117.52008819580078,75.4514389038086,45.71337890625
2020-02-12,38.999942779541016,147.5399932861328,306.8030090332031,116.9247817993164,75.90088653564453,46.0432014465332
2020-02-13,38.485984802246094,148.3800048828125,306.47564697265625,117.3732681274414,76.35808563232422,45.688636779785156
2020-02-14,38.5034065246582,149.0,306.96673583984375,117.88710021972656,77.14848327636719,45.663902282714844
2020-02-18,38.25078582763672,150.91000366210938,306.17572021484375,118.69448852539062,77.06324005126953,45.38356399536133
2020-02-19,38.52954864501953,151.7899932861328,307.6395263671875,118.68638610839844,76.02490234375,45.59794235229492
2020-02-20,37.9284782409668,152.41000366210938,306.3757019042969,119.61605072021484,76.93151092529297,45.22689437866211
2020-02-21,37.710689544677734,154.6999969482422,303.22052001953125,120.73332214355469,77.15623474121094,44.98775863647461
2020-02-24,36.299476623535156,156.08999633789062,293.16412353515625,122.53577423095703,76.10237121582031,43.322174072265625
2020-02-25,36.01201629638672,153.3000030517578,284.2805480957031,123.18818664550781,74.04115295410156,42.728485107421875
2020-02-26,36.299476623535156,153.97000122070312,283.2348937988281,122.53577423095703,73.24302673339844,42.81093215942383
2020-02-27,35.42837142944336,154.0,270.5143737792969,123.86507415771484,69.34527587890625,41.590599060058594
2020-02-28,35.29769515991211,148.3800048828125,269.37774658203125,126.66238403320312,67.67152404785156,41.433921813964844
2020-03-02,36.06427764892578,149.1999969482422,281.0435485839844,125.73048400878906,70.56187438964844,41.88743209838867
2020-03-03,35.820369720458984,153.88999938964844,272.9967041015625,127.68247985839844,70.39915466308594,41.50814437866211
2020-03-04,36.45627975463867,154.16000366210938,284.4715270996094,126.32675170898438,73.05704498291016,42.58005905151367
2020-03-05,35.689697265625,157.49000549316406,275.0152282714844,129.47122192382812,71.49176025390625,41.557621002197266
2020-03-06,34.95796585083008,157.5500030517578,270.46893310546875,136.20938110351562,70.25968170166016,40.939205169677734
2020-03-09,32.57110595703125,157.80999755859375,249.34678649902344,139.9010772705078,64.8431625366211,37.706939697265625
2020-03-10,34.226226806640625,154.47999572753906,262.24920654296875,132.72994995117188,67.58271789550781,39.166404724121094
2020-03-11,32.63207244873047,153.92999267578125,249.46498107910156,127.84585571289062,63.52179718017578,37.220455169677734
2020-03-12,29.365381240844727,147.7899932861328,225.5968475341797,128.6381378173828,57.086849212646484,33.22135543823242
2020-03-13,31.48219871520996,143.27999877929688,244.8822784423828,125.73048400878906,62.06924819946289,35.33222579956055
2020-03-16,27.553455352783203,141.63999938964844,218.08641052246094,133.87342834472656,51.065792083740234,31.399089813232422
2020-03-17,29.45250129699707,143.55999755859375,229.86129760742188,124.94641876220703,54.01776123046875,33.023468017578125
2020-03-18,26.908830642700195,140.6999969482422,218.22274780273438,117.8978042602539,48.87914276123047,30.78066635131836
2020-03-19,27.117897033691406,138.0399932861328,218.68646240234375,121.107666015625,49.050960540771484,31.12698745727539
2020-03-20,27.318256378173828,140.11000061035156,209.26235961914062,130.21450805664062,46.60661315917969,31.01979637145996
2020-03-23,26.664918899536133,146.3000030517578,203.91189575195312,135.5804901123047,44.44340515136719,30.3880615234375
2020-03-24,28.668489456176758,153.39999389648438,222.38694763183594,133.05673217773438,48.44182205200195,32.93486022949219
2020-03-25,29.678991317749023,151.3000030517578,225.71617126464844,132.75454711914062,51.0501708984375,34.12557601928711
2020-03-26,30.802732467651367,153.24000549316406,238.89566040039062,133.40794372558594,54.65031433105469,35.46513748168945
2020-03-27,29.05177879333496,152.25,231.780029296875,136.96897888183594,54.704978942871094,34.2413444519043
2020-03-30,29.530893325805664,152.9199981689453,239.3072052001953,135.84178161621094,55.89981460571289,34.87803268432617
2020-03-31,29.73125648498535,148.0500030517578,235.740234375,134.73922729492188,54.54878234863281,34.69611358642578
2020-04-01,28.459415435791016,149.4499969482422,225.1308135986328,136.6269989013672,50.96426010131836,33.373111724853516
2020-04-02,29.417654037475586,151.89999389648438,230.3257598876953,137.4940185546875,51.13607406616211,34.142112731933594
2020-04-03,28.860137939453125,152.64999389648438,226.99658203125,137.82115173339844,50.3941764831543,33.43098831176758
2020-04-06,30.436859130859375,156.8800048828125,242.2431182861328,137.46131896972656,54.1270751953125,35.14264678955078
2020-04-07,30.593669891357422,156.0399932861328,242.49008178710938,136.02175903320312,54.62687683105469,35.382450103759766
2020-04-08,30.907262802124023,154.64999389648438,250.63011169433594,135.03204345703125,58.35197830200195,35.729736328125
2020-04-09,30.794015884399414,158.69000244140625,254.44400024414062,135.2773895263672,61.62412643432617,36.30028533935547
2020-04-13,30.837570190429688,161.41000366210938,252.12088012695312,134.04237365722656,59.031394958496094,36.16798782348633
2020-04-14,31.54317283630371,162.67999267578125,259.5566711425781,134.00965881347656,60.68699264526367,36.804683685302734
2020-04-15,30.7330322265625,161.85000610351562,254.04156494140625,137.55947875976562,58.28168869018555,35.771080017089844
2020-04-16,30.89854621887207,161.7100067138672,255.26708984375,139.12167358398438,57.61787796020508,35.77935028076172
2020-04-17,31.58673667907715,158.57000732421875,262.1632995605469,137.2568359375,59.4374885559082,36.713722229003906
2020-04-20,31.186019897460938,159.6999969482422,257.54449462890625,138.36097717285156,57.227413177490234,36.18451690673828
2020-04-21,30.32361602783203,158.61000061035156,249.72459411621094,140.10324096679688,56.18876647949219,35.40724563598633
2020-04-22,31.15117835998535,161.72999572753906,255.26708984375,138.67181396484375,57.04780960083008,36.12662124633789
2020-04-23,31.037933349609375,163.33999633789062,255.24884033203125,139.4080047607422,56.57142639160156,36.0439567565918
2020-04-24,30.994369506835938,162.63999938964844,258.8066711425781,139.7351531982422,56.81352615356445,36.34162902832031
2020-04-27,31.621580123901367,161.55999755859375,262.5381774902344,137.1341552734375,58.7580680847168,36.85429763793945
2020-04-28,31.682554244995117,160.83999633789062,261.3310546875,138.71275329589844,59.24223709106445,37.118900299072266
2020-04-29,32.6059455871582,161.72999572753906,268.1722717285156,137.992919921875,60.13251495361328,38.09462356567383
2020-04-30,31.917753219604492,158.8000030517578,265.6753845214844,136.3816680908203,59.4374885559082,37.33389663696289
2020-05-01,30.767879486083984,159.77999877929688,258.6420593261719,137.54953002929688,57.43047332763672,36.43259048461914
2020-05-04,31.098913192749023,160.33999633789062,259.3553466796875,136.9025115966797,57.149330139160156,36.4904670715332
2020-05-05,31.27313232421875,161.02000427246094,261.751708984375,136.0261993408203,57.43047332763672,36.622772216796875
2020-05-06,31.177310943603516,158.9499969482422,259.9773864746094,133.83128356933594,56.39961624145508,36.47393035888672
2020-05-07,31.42993927001953,161.38999938964844,263.11444091796875,136.06710815429688,57.20399856567383,36.920448303222656
2020-05-08,32.091976165771484,160.4199981689453,267.4679870605469,134.29815673828125,58.56281661987305,37.53234100341797
2020-05-11,31.88291358947754,159.4199981689453,267.5228576660156,133.24981689453125,57.711605072021484,37.499271392822266
2020-05-12,31.760957717895508,160.0399932861328,262.1907958984375,134.61753845214844,55.087646484375,37.118900299072266
2020-05-13,31.699981689453125,161.5800018310547,257.55364990234375,135.55929565429688,53.752227783203125,36.846031188964844
2020-05-14,31.821937561035156,163.00999450683594,260.63580322265625,136.8861083984375,53.93964385986328,36.688926696777344
2020-05-15,31.38637924194336,163.92999267578125,261.83404541015625,136.533935546875,53.728797912597656,36.564884185791016
2020-05-18,32.614646911621094,162.69000244140625,269.8094482421875,133.5364990234375,56.90724563598633,37.98713302612305
2020-05-19,32.35332107543945,164.25999450683594,267.0381164550781,134.0360107421875,56.14189529418945,37.59850311279297
2020-05-20,32.7801628112793,164.64999389648438,271.5745849609375,134.4373321533203,56.64170837402344,38.23519515991211
2020-05-21,32.40558624267578,162.25,269.69964599609375,134.77310180664062,56.68855285644531,37.854827880859375
2020-05-22,31.73482894897461,163.2100067138672,270.21185302734375,135.5839080810547,57.453887939453125,37.58195877075195
2020-05-26,32.43172073364258,160.88999938964844,273.54095458984375,133.76577758789062,59.601478576660156,38.62382507324219
2020-05-27,32.5362548828125,161.17999267578125,277.61102294921875,133.52003479003906,60.78849411010742,38.97938537597656
2020-05-28,32.30976104736328,161.72000122070312,277.0988464355469,133.0286865234375,61.077457427978516,39.15304183959961
2020-05-29,32.867271423339844,162.91000366210938,278.3335266113281,133.97874450683594,60.46831130981445,39.20265197753906
2020-06-01,33.625152587890625,163.66000366210938,279.45849609375,133.0766143798828,61.8661994934082,40.04608154296875
2020-06-02,34.42657470703125,162.60000610351562,281.77252197265625,132.59283447265625,62.366004943847656,40.64143753051758
2020-06-03,35.228004455566406,159.60000610351562,285.52239990234375,130.8297576904297,64.36522674560547,41.51793670654297
2020-06-04,34.731468200683594,161.27999877929688,284.7724609375,128.93548583984375,63.7248649597168,41.22852325439453
2020-06-05,35.64613723754883,158.00999450683594,292.0709533691406,128.0169677734375,66.13796997070312,42.030601501464844
2020-06-08,35.863914489746094,159.72000122070312,295.6013488769531,128.509033203125,67.7779541015625,42.518470764160156
2020-06-09,35.62001037597656,161.25999450683594,293.39715576171875,129.96871948242188,66.65338134765625,42.0554084777832
2020-06-10,35.88134765625,163.57000732421875,291.76007080078125,131.89578247070312,64.95873260498047,42.005794525146484
2020-06-11,34.00843811035156,162.38999938964844,274.9403991699219,134.38876342773438,60.78849411010742,39.74012756347656
2020-06-12,34.731468200683594,162.6199951171875,278.23291015625,133.09304809570312,62.967342376708984,40.50912857055664
2020-06-15,34.416053771972656,162.3300018310547,280.8304138183594,133.16688537597656,63.857608795166016,40.550479888916016
2020-06-16,34.63508987426758,162.25,286.2358093261719,131.12496948242188,65.11492919921875,41.0135383605957
2020-06-17,34.96803665161133,162.55999755859375,285.0468444824219,131.66624450683594,64.16999816894531,41.12102127075195
2020-06-18,34.98556137084961,162.24000549316406,285.156494140625,133.06024169921875,63.46712875366211,41.03007125854492
2020-06-19,34.976802825927734,164.02999877929688,283.5269470214844,133.16688537597656,62.54562759399414,40.86470413208008
2020-06-22,35.40612030029297,165.08999633789062,285.3458251953125,133.1832733154297,62.483154296875,41.38996505737305
2020-06-23,35.747825622558594,166.47999572753906,286.6593933105469,132.2729949951172,62.225440979003906,41.639305114746094
2020-06-24,35.27469253540039,165.89999389648438,279.3470458984375,133.691650390625,60.45271301269531,40.74169158935547
2020-06-25,35.423648834228516,165.8000030517578,282.34185791015625,134.07711791992188,61.22480010986328,41.157249450683594
2020-06-26,34.994327545166016,166.5399932861328,275.63580322265625,135.51220703125,60.0496940612793,40.61701202392578
2020-06-29,35.152034759521484,166.6300048828125,279.68701171875,135.08580017089844,61.20903015136719,40.94116973876953
2020-06-30,35.03813552856445,167.3699951171875,283.2696838378906,134.42971801757812,61.93462371826172,40.86635208129883
2020-07-01,35.43240737915039,166.6199951171875,285.2538757324219,134.16864013671875,63.362125396728516,41.07414245605469
2020-07-02,36.23849105834961,166.97999572753906,286.8247375488281,134.30825805664062,63.18073654174805,41.68085861206055
2020-07-06,37.79807662963867,167.97999572753906,291.2525634765625,133.7581787109375,63.14918899536133,42.61171340942383
2020-07-07,37.1672248840332,169.0399932861328,288.24859619140625,135.63827514648438,61.89519500732422,42.02161407470703
2020-07-08,38.13102340698242,170.08999633789062,290.453369140625,135.09640502929688,61.808441162109375,42.561851501464844
2020-07-09,38.13102340698242,169.6300048828125,288.7998046875,137.2474365234375,61.4219970703125,42.18783950805664
2020-07-10,37.88569641113281,169.19000244140625,291.74871826171875,136.5578155517578,61.61126708984375,42.403926849365234
2020-07-13,37.63160705566406,169.39999389648438,289.22235107421875,137.00929260253906,60.877830505371094,42.12966537475586
2020-07-14,37.684165954589844,170.19000244140625,292.9703674316406,137.20639038085938,61.39042663574219,42.6034049987793
2020-07-15,37.79807662963867,170.33999633789062,295.66204833984375,136.56594848632812,61.98983383178711,42.9774169921875
2020-07-16,37.26361083984375,168.72999572753906,294.68829345703125,137.2145538330078,61.248497009277344,42.59510040283203
2020-07-17,37.4738883972168,170.1199951171875,295.5426025390625,136.92721557617188,62.0450325012207,42.83612060546875
2020-07-20,37.955780029296875,170.94000244140625,297.93109130859375,137.2638702392578,61.30369567871094,43.12701416015625
2020-07-21,38.30625534057617,173.0,298.56494140625,137.345947265625,61.45354461669922,43.3680419921875
2020-07-22,38.1397819519043,175.6300048828125,300.26434326171875,137.75643920898438,62.39206314086914,43.384666442871094
2020-07-23,37.8331184387207,177.17999267578125,296.6817321777344,139.36563110351562,62.13178634643555,43.05221939086914
2020-07-24,37.79807662963867,178.6999969482422,294.77099609375,139.357421875,61.67436218261719,42.8942985534668
2020-07-27,38.38511276245117,182.22999572753906,296.9206237792969,138.8402099609375,62.25799560546875,43.50932693481445
2020-07-28,38.0696907043457,183.75,295.037353515625,139.80078125,63.4962158203125,43.20180892944336
2020-07-29,38.68301010131836,185.1300048828125,298.666015625,139.5626983642578,64.7265396118164,43.7503547668457
2020-07-30,38.19235610961914,183.75999450683594,297.60040283203125,140.48216247558594,64.30853271484375,43.20180892944336
2020-07-31,37.92949676513672,185.42999267578125,299.9520263671875,140.391845703125,64.19023132324219,42.561851501464844
2020-08-03,38.19235610961914,185.63999938964844,302.0373229980469,139.68508911132812,63.33845520019531,43.17688751220703
2020-08-04,38.70052719116211,189.58999633789062,303.2039489746094,141.0165557861328,64.28489685058594,43.50932693481445
2020-08-05,39.121097564697266,191.35000610351562,305.087158203125,139.78366088867188,63.961524963378906,43.76698303222656
2020-08-06,39.24375915527344,193.88999938964844,307.1266174316406,140.56443786621094,64.06404876708984,43.89995574951172
2020-08-07,38.437679290771484,190.80999755859375,307.3470153808594,139.62745666503906,64.97891998291016,43.50932693481445
2020-08-10,38.5340576171875,190.14999389648438,308.2656555175781,139.00274658203125,65.08143615722656,43.642311096191406
2020-08-11,38.428924560546875,179.94000244140625,305.7210388183594,137.350830078125,64.14291381835938,43.74203872680664
2020-08-12,38.945858001708984,179.10000610351562,309.9835205078125,136.1014862060547,64.78964233398438,44.539920806884766
2020-08-13,38.83195114135742,183.3300018310547,309.4231262207031,134.64663696289062,63.99304962158203,44.34877014160156
2020-08-14,38.761863708496094,182.5399932861328,309.43231201171875,134.12063598632812,64.0009536743164,44.13267517089844
2020-08-17,39.25251770019531,186.5,310.41522216796875,134.4575958251953,64.52147674560547,44.54823303222656
2020-08-18,39.20870590209961,188.17999267578125,311.0859375,135.41925048828125,64.21390533447266,44.5316162109375
2020-08-19,38.72681427001953,182.24000549316406,309.7906188964844,134.5726776123047,63.086090087890625,44.2573356628418
2020-08-20,38.60415267944336,183.5,310.755126953125,135.78916931152344,63.68547058105469,44.1409797668457
2020-08-21,38.79690170288086,182.02999877929688,311.8575744628906,136.60279846191406,63.78800964355469,44.04125213623047
2020-08-24,39.22623062133789,181.0,315.0177307128906,136.3809356689453,64.19812774658203,44.54823303222656
2020-08-25,39.62051773071289,181.22000122070312,316.1199645996094,135.33709716796875,64.36372375488281,44.714454650878906
2020-08-26,39.72565460205078,183.36000061035156,319.28924560546875,134.8192596435547,63.7722282409668,44.947174072265625
2020-08-27,39.392704010009766,181.24000549316406,319.9874267578125,132.52606201171875,64.71075439453125,44.55654525756836
2020-08-28,39.90965270996094,184.38999938964844,322.0544128417969,132.42747497558594,65.13664245605469,44.96379852294922
2020-08-31,39.024715423583984,184.8300018310547,320.88763427734375,133.3069305419922,64.47415924072266,44.44850158691406
2020-09-01,39.69060516357422,185.0500030517578,323.90997314453125,134.83169555664062,64.52147674560547,44.714454650878906
2020-09-02,39.58546447753906,182.6199951171875,328.5950012207031,136.1153106689453,65.72026062011719,45.088462829589844
2020-09-03,38.83195114135742,181.13999938964844,317.2866516113281,136.50205993652344,64.93159484863281,44.107730865478516
2020-09-04,38.84947967529297,181.63999938964844,314.6961669921875,133.9099884033203,64.59247589111328,44.19916534423828
2020-09-08,38.17482376098633,181.2899932861328,306.0976867675781,134.73292541503906,63.80377960205078,43.5675048828125
2020-09-09,38.74433898925781,183.0500030517578,312.142333984375,134.3709259033203,64.43473052978516,44.307212829589844
2020-09-10,38.122257232666016,182.4600067138672,306.7222900390625,135.0538330078125,63.646034240722656,43.758670806884766
2020-09-11,38.49024963378906,182.4499969482422,306.8785400390625,135.34182739257812,63.291168212890625,44.16591262817383
2020-09-14,39.11233139038086,183.88999938964844,310.92047119140625,135.3336639404297,64.83694458007812,44.54823303222656
2020-09-15,39.52412796020508,183.4499969482422,312.4913330078125,135.0044708251953,65.61773681640625,44.85575485229492
2020-09-16,39.47156524658203,183.97000122070312,311.2513122558594,134.60133361816406,65.96473693847656,44.78926086425781
2020-09-17,39.3138542175293,182.9600067138672,308.51373291015625,135.01271057128906,64.67920684814453,44.77263259887695
2020-09-18,39.00719451904297,183.1999969482422,304.9618835449219,134.5930938720703,63.22016906738281,44.44019317626953
2020-09-21,38.6479606628418,179.52000427246094,301.5677490234375,135.2760009765625,61.319461822509766,43.59455871582031
2020-09-22,38.358821868896484,178.64999389648438,304.6390686035156,135.16903686523438,62.05292510986328,43.510929107666016
2020-09-23,37.76302719116211,174.7899932861328,297.57415771484375,135.35006713867188,60.18376159667969,42.983970642089844
2020-09-24,37.58779525756836,175.44000244140625,298.36737060546875,135.86843872070312,60.50713348388672,42.90869140625
2020-09-25,37.622833251953125,174.94000244140625,303.1910705566406,135.86843872070312,61.75494384765625,43.06761169433594
2020-09-28,38.043399810791016,176.6999969482422,308.226806640625,135.481689453125,63.01865005493164,43.65311813354492
2020-09-29,38.017112731933594,178.19000244140625,306.5482177734375,135.6379852294922,62.56562805175781,43.59455871582031
2020-09-30,38.630435943603516,177.1199951171875,308.87249755859375,134.33795166015625,62.7563591003418,43.63637924194336
2020-10-01,38.98966598510742,178.6999969482422,310.8555603027344,134.55960083007812,64.01214599609375,43.98768997192383
2020-10-02,38.542823791503906,178.5399932861328,307.9040222167969,134.05711364746094,65.11688232421875,43.79530334472656
2020-10-05,39.059757232666016,179.41000366210938,313.3641357421875,131.43763732910156,65.49044799804688,44.439361572265625
2020-10-06,39.129852294921875,177.3000030517578,308.90936279296875,132.14608764648438,65.0612564086914,44.12152099609375
2020-10-07,39.55918884277344,177.22000122070312,314.28643798828125,131.1823272705078,65.15664672851562,44.5648078918457
2020-10-08,39.88336944580078,177.85000610351562,317.0717468261719,131.8907928466797,66.2454833984375,44.874290466308594
2020-10-09,40.15497589111328,181.0800018310547,319.90338134765625,131.8660125732422,65.98321533203125,45.18376541137695
2020-10-12,40.50544738769531,180.55999755859375,325.0498046875,132.28611755371094,66.29317474365234,45.45143127441406
2020-10-13,40.33897399902344,177.72000122070312,322.9284362792969,133.2333526611328,65.15664672851562,45.05830764770508
2020-10-14,40.06735610961914,178.27000427246094,320.8993835449219,133.5381317138672,64.36184692382812,44.90774917602539
2020-10-15,39.77822494506836,178.9199981689453,320.5028381347656,133.30752563476562,64.69564056396484,44.439361572265625
2020-10-16,39.91840744018555,178.3000030517578,320.30914306640625,132.93685913085938,64.23468017578125,44.62336730957031
2020-10-19,39.804500579833984,178.38999938964844,315.4393310546875,132.43438720703125,63.23324203491211,44.42262268066406
2020-10-20,40.242591857910156,179.25,316.70294189453125,131.17410278320312,63.68626403808594,44.757198333740234
2020-10-21,40.35649871826172,180.60000610351562,316.1033935546875,130.72109985351562,63.49552917480469,44.631736755371094
2020-10-22,40.34773254394531,178.8300018310547,317.8373718261719,129.3619842529297,63.487586975097656,44.64008712768555
2020-10-23,40.58430099487305,178.63999938964844,318.91644287109375,130.15272521972656,63.86907196044922,44.891029357910156
2020-10-26,40.05859375,178.5500030517578,313.02288818359375,131.36351013183594,62.95506286621094,44.138240814208984
2020-10-27,40.23382568359375,179.02000427246094,311.94378662109375,132.2449188232422,61.94569778442383,43.979312896728516
2020-10-28,39.22623062133789,176.1300048828125,301.2818908691406,132.36856079101562,60.46738052368164,42.72467803955078
2020-10-29,39.62051773071289,175.39999389648438,304.343994140625,131.08348083496094,61.27806854248047,42.983970642089844
2020-10-30,39.17366409301758,176.1999969482422,301.171142578125,129.79034423828125,60.87270736694336,42.632667541503906
2020-11-02,39.6730842590332,177.91000366210938,304.5468444824219,130.7624969482422,62.32717514038086,43.226531982421875
2020-11-03,39.84831619262695,178.9199981689453,309.9239501953125,130.0038604736328,63.527320861816406,44.062965393066406
2020-11-04,41.10124206542969,178.82000732421875,316.8505859375,132.82395935058594,63.63858413696289,44.74882888793945
2020-11-05,41.802181243896484,182.92999267578125,323.030029296875,133.05484008789062,63.940608978271484,45.719085693359375
2020-11-06,41.99494171142578,183.19000244140625,322.9561462402344,131.44692993164062,63.50344467163086,45.86128234863281
2020-11-09,42.28407287597656,175.0800018310547,327.0142822265625,128.6846160888672,65.7527084350586,46.823177337646484
2020-11-10,41.802181243896484,175.66000366210938,326.53472900390625,127.94244384765625,66.71440887451172,46.973724365234375
2020-11-11,42.073795318603516,174.89999389648438,328.96038818359375,128.4041748046875,66.96874237060547,47.299930572509766
2020-11-12,41.75837326049805,175.9600067138672,325.76922607421875,130.58932495117188,66.09447479248047,46.66425704956055
2020-11-13,42.345401763916016,177.16000366210938,330.279296875,130.4161376953125,67.85890197753906,47.316654205322266
2020-11-16,42.87111282348633,177.14999389648438,334.4020080566406,130.10287475585938,68.62190246582031,47.91053009033203
2020-11-17,42.82730484008789,176.5,332.603515625,130.95216369628906,68.68548583984375,47.91053009033203
2020-11-18,42.678348541259766,175.49000549316406,328.6006774902344,131.33145141601562,67.35025024414062,47.684696197509766
2020-11-19,42.748451232910156,175.16000366210938,329.9842224121094,132.00753784179688,67.61251068115234,47.96071243286133
2020-11-20,42.985015869140625,175.69000244140625,327.7244567871094,133.1785125732422,67.2469253540039,48.111270904541016
2020-11-23,43.09892272949219,172.22999572753906,329.6890869140625,132.568359375,67.37407684326172,48.17816925048828
2020-11-24,43.677188873291016,169.58999633789062,335.0015563964844,131.2490234375,67.73174285888672,48.88913345336914
2020-11-25,43.43186569213867,169.50999450683594,334.48504638671875,130.8449249267578,67.771484375,48.721858978271484
2020-11-27,43.843666076660156,167.7899932861328,335.41656494140625,132.11476135253906,67.46949005126953,49.081520080566406
2020-11-30,42.69587326049805,166.6699981689453,333.9316101074219,131.94996643066406,66.7620849609375,48.010902404785156
2020-12-01,43.53700637817383,170.17999267578125,337.583984375,130.00437927246094,67.62047576904297,49.0982551574707
2020-12-02,43.59833526611328,171.4600067138672,338.2940979003906,128.97256469726562,67.08797454833984,49.1317138671875
2020-12-03,44.097755432128906,172.80999755859375,338.201904296875,130.01263427734375,67.65227508544922,49.357540130615234
2020-12-04,44.55335998535156,172.32000732421875,341.116455078125,128.10589599609375,68.68548583984375,49.8092155456543
2020-12-07,44.55335998535156,174.88999938964844,340.41552734375,129.26148986816406,68.08940124511719,49.558292388916016
2020-12-08,44.57087707519531,175.5,341.41162109375,129.87232971191406,67.85094451904297,49.68375015258789
2020-12-09,44.18537139892578,172.5,338.3495178222656,129.44309997558594,67.42971801757812,49.62519836425781
2020-12-10,44.754878997802734,172.1699981689453,338.2388916015625,130.5904083251953,67.13565063476562,49.84266662597656
2020-12-11,44.43946075439453,172.49000549316406,337.84228515625,131.05270385742188,67.07205963134766,49.600101470947266
2020-12-14,44.208412170410156,171.5399932861328,336.3297424316406,130.68955993652344,66.77799987792969,49.60847091674805
2020-12-15,44.68643569946289,173.94000244140625,340.87664794921875,130.2520751953125,68.14502716064453,50.1437873840332
2020-12-16,44.898895263671875,174.89999389648438,341.41162109375,129.90538024902344,68.22449493408203,50.26924133300781
2020-12-17,45.19102096557617,176.74000549316406,343.32073974609375,129.56155395507812,68.88417053222656,50.620540618896484
2020-12-18,45.13790512084961,176.44000244140625,341.94989013671875,129.1732177734375,67.50125122070312,50.4197998046875
2020-12-21,44.47397994995117,175.8800048828125,340.72735595703125,129.685546875,67.11976623535156,49.79472351074219
2020-12-22,44.11989212036133,174.49000549316406,340.15301513671875,130.3547821044922,67.58866119384766,49.6511344909668
2020-12-23,44.571353912353516,175.64999389648438,340.4587097167969,129.4541473388672,67.15156555175781,50.115718841552734
2020-12-24,44.376609802246094,176.35000610351562,341.78326416015625,129.96644592285156,67.73944091796875,50.14105987548828
2020-12-28,44.50053787231445,175.7100067138672,344.7194519042969,130.02430725097656,68.14324188232422,50.44514465332031
2020-12-29,45.16446304321289,176.35000610351562,344.0617370605469,129.85903930664062,67.56180572509766,50.867488861083984
2020-12-30,45.766422271728516,177.6999969482422,344.5525817871094,130.13998413085938,67.93326568603516,51.146240234375
2020-12-31,45.739864349365234,178.36000061035156,346.3033142089844,130.33001708984375,68.58741760253906,50.81681442260742
2021-01-04,46.031982421875,182.3300018310547,341.5887145996094,130.1730194091797,66.35851287841797,51.12089920043945
2021-01-05,47.138526916503906,182.8699951171875,343.9413757324219,129.20628356933594,66.45541381835938,51.86424255371094
2021-01-06,46.740177154541016,179.89999389648438,345.99761962890625,126.55391693115234,66.56847381591797,52.14299011230469
2021-01-07,47.18278884887695,179.47999572753906,351.13824462890625,125.4384765625,66.43926239013672,52.36260223388672
2021-01-08,48.43095779418945,173.33999633789062,353.1389465332031,125.03353118896484,67.08534240722656,53.0299186706543
2021-01-11,47.77589797973633,173.0,350.7584533691406,124.82695007324219,66.19697570800781,52.32882308959961
2021-01-12,48.245059967041016,174.1199951171875,350.83258056640625,124.72782135009766,66.35043334960938,52.599124908447266
2021-01-13,48.351295471191406,173.3699951171875,351.77734375,126.13249969482422,67.15802001953125,52.59068298339844
2021-01-14,48.802757263183594,173.27999877929688,350.5455017089844,124.9509048461914,67.55370330810547,53.055259704589844
2021-01-15,48.112281799316406,171.1300048828125,347.9891052246094,125.44670104980469,68.32899475097656,52.244346618652344
2021-01-19,48.90898132324219,172.5800018310547,350.7213439941406,125.85157775878906,68.13517761230469,52.76806640625
2021-01-20,49.767669677734375,175.38999938964844,355.57501220703125,125.97554016113281,69.43537902832031,53.34245300292969
2021-01-21,49.85618591308594,175.27999877929688,355.8991394042969,125.0913314819336,69.10425567626953,53.41001892089844
2021-01-22,49.42242431640625,173.89999389648438,354.6393737792969,125.49624633789062,69.2657699584961,53.04680252075195
2021-01-25,49.794219970703125,174.0500030517578,356.0380554199219,126.97527313232422,69.79071044921875,53.122825622558594
2021-01-26,49.431278228759766,173.6199951171875,355.4823913574219,126.73568725585938,70.2833251953125,53.0214729309082
2021-01-27,48.05916976928711,172.52000427246094,346.794189453125,127.05795288085938,69.03965759277344,51.7882080078125
2021-01-28,48.39556121826172,172.67999267578125,349.7766418457031,126.35563659667969,69.41114044189453,52.15142822265625
2021-01-29,47.1916389465332,172.61000061035156,342.7742919921875,125.5954360961914,68.61165618896484,50.943519592285156
2021-02-01,48.466373443603516,174.22999572753906,348.4799499511719,125.74108123779297,70.17832946777344,51.86424255371094
2021-02-02,49.09489059448242,172.11000061035156,353.40753173828125,124.9303207397461,70.59827423095703,52.48930358886719
2021-02-03,49.342750549316406,171.85000610351562,353.6854248046875,123.82177734375,70.42060852050781,52.68358612060547
2021-02-04,49.36045455932617,168.14999389648438,357.70526123046875,123.49088287353516,70.90514373779297,52.7342643737793
2021-02-05,49.785369873046875,169.80999755859375,359.11322021484375,122.45684814453125,71.1554946899414,53.09749221801758
2021-02-08,49.87389373779297,171.52000427246094,361.7066955566406,122.9945068359375,71.54312896728516,53.426918029785156
2021-02-09,50.405025482177734,172.0800018310547,361.4657897949219,123.08556365966797,71.79348754882812,53.790138244628906
2021-02-10,50.58207702636719,172.7100067138672,361.3083190917969,123.904541015625,72.18111419677734,53.72256088256836
2021-02-11,51.12206268310547,171.2100067138672,361.8918762207031,123.22623443603516,72.33456420898438,54.12800979614258
2021-02-12,51.16632080078125,170.69000244140625,363.6795349121094,121.69581604003906,72.3507080078125,54.38986587524414
2021-02-16,51.29025650024414,168.24000549316406,363.3645935058594,119.84275817871094,71.79348754882812,54.63483810424805
2021-02-17,51.30795669555664,166.3300018310547,363.4480285644531,120.60382080078125,71.70467376708984,54.3983154296875
2021-02-18,50.59977722167969,166.32000732421875,361.9011535644531,120.11577606201172,71.39778137207031,53.94217300415039
2021-02-19,50.927303314208984,167.00999450683594,361.2620544433594,118.51918029785156,71.80965423583984,54.24626541137695
2021-02-22,49.431278228759766,169.50999450683594,358.4833679199219,117.61748504638672,72.40725708007812,53.67188262939453
2021-02-23,49.65258026123047,169.1199951171875,358.91864013671875,117.27831268310547,72.85948944091797,53.807029724121094
2021-02-24,49.333900451660156,169.0,362.8737487792969,116.50898742675781,73.41671752929688,53.82392501831055
2021-02-25,48.20965576171875,165.82000732421875,354.13006591796875,114.60633087158203,72.01155090332031,52.8525276184082
2021-02-26,47.56343460083008,161.80999755859375,352.3053283691406,118.39508819580078,70.96170043945312,52.117645263671875
2021-03-01,48.838165283203125,161.52999877929688,360.8452453613281,116.83141326904297,71.2766342163086,53.25798034667969
2021-03-02,48.36014175415039,162.41000366210938,358.02960205078125,116.83967590332031,70.5902099609375,53.04680252075195
2021-03-03,48.26276779174805,160.6199951171875,353.2871398925781,115.5724105834961,70.1864013671875,52.793392181396484
2021-03-04,47.138526916503906,159.0399932861328,348.9151916503906,114.82706451416016,69.38691711425781,52.117645263671875
2021-03-05,47.65195846557617,159.13999938964844,355.33416748046875,115.05071258544922,70.14603424072266,52.50620651245117
2021-03-08,46.368377685546875,157.49000549316406,353.56500244140625,114.15615844726562,70.751708984375,51.9571418762207
2021-03-09,47.38639450073242,160.83999633789062,358.6130676269531,115.73806762695312,71.2200927734375,52.759613037109375
2021-03-10,47.17393493652344,161.66000366210938,360.8452453613281,115.9699935913086,71.9307861328125,52.9032096862793
2021-03-11,48.66112518310547,161.52000427246094,364.5039367675781,115.13350677490234,72.7706527709961,53.646541595458984
2021-03-12,47.793601989746094,161.49000549316406,364.9947814941406,112.69017028808594,73.9901123046875,53.477596282958984
2021-03-15,47.90867614746094,162.1999969482422,367.1714782714844,113.3527603149414,75.0884017944336,53.58740997314453
2021-03-16,48.112281799316406,162.35000610351562,366.7084045410156,112.8972396850586,74.78153228759766,53.714111328125
2021-03-17,48.17424774169922,163.50999450683594,367.9588623046875,112.05243682861328,74.84614562988281,53.93374252319336
2021-03-18,47.28901672363281,162.55999755859375,362.6051330566406,110.91771697998047,74.08699798583984,53.300209045410156
2021-03-19,47.873268127441406,163.24000549316406,361.9341735839844,111.605224609375,73.07752227783203,53.57051086425781
2021-03-22,47.73162841796875,163.0,364.82421875,112.8558349609375,73.59439086914062,53.5662727355957
2021-03-23,46.81984329223633,161.80999755859375,361.9527893066406,113.87458038330078,73.48941040039062,52.753387451171875
2021-03-24,45.74870681762695,162.3699951171875,360.1127624511719,114.48743438720703,73.07752227783203,52.18606185913086
2021-03-25,45.96116256713867,161.77999877929688,362.13861083984375,113.58468627929688,73.82159423828125,52.52476119995117
2021-03-26,47.1562385559082,162.24000549316406,367.9744873046875,113.18711853027344,75.41370391845703,53.388465881347656
2021-03-29,46.82870101928711,160.30999755859375,367.78863525390625,112.22634887695312,74.9750747680664,53.092098236083984
2021-03-30,46.979183197021484,157.57000732421875,366.8128662109375,112.81440734863281,75.07254028320312,53.10902786254883
2021-03-31,47.218196868896484,159.9600067138672,368.2997131347656,112.18492889404297,74.61766052246094,53.092098236083984
2021-04-01,47.67852020263672,161.97999572753906,372.2769470214844,114.04683685302734,75.97418975830078,53.81184768676758
2021-04-05,47.864418029785156,161.9199981689453,377.6203308105469,113.54930877685547,76.2666244506836,54.404579162597656
2021-04-06,48.12998580932617,163.22000122070312,377.39727783203125,114.32063293457031,76.46157836914062,54.091285705566406
2021-04-07,47.42179870605469,162.75999450683594,377.8341064453125,113.52437591552734,76.51840209960938,53.96426010131836
2021-04-08,47.81129837036133,164.50999450683594,379.6275329589844,114.46160125732422,76.23413848876953,54.3029670715332
2021-04-09,47.40409469604492,163.27000427246094,382.38751220703125,114.04683685302734,76.14478302001953,54.29450225830078
2021-04-12,47.120826721191406,162.27999877929688,382.5270080566406,113.99716186523438,76.5915298461914,53.97273254394531
2021-04-13,47.315574645996094,163.42999267578125,383.66064453125,114.85140228271484,76.97331237792969,54.28602981567383
2021-04-14,47.554588317871094,162.72000122070312,382.350341796875,114.48646545410156,76.5671615600586,54.42997741699219
2021-04-15,47.988346099853516,165.35000610351562,386.457763671875,116.40229797363281,77.90746307373047,54.80255889892578
2021-04-16,48.112281799316406,166.35000610351562,387.74945068359375,115.49829864501953,78.07803344726562,55.16667556762695
2021-04-19,47.935237884521484,165.88999938964844,385.8443908691406,115.1665267944336,78.2323989868164,54.997314453125
2021-04-20,47.54572677612305,166.47999572753906,383.0194091796875,115.69734954833984,78.87409210205078,54.235233306884766
2021-04-21,47.837860107421875,168.1300048828125,386.6436767578125,115.92959594726562,79.39395904541016,54.75175094604492
2021-04-22,47.6696662902832,167.0399932861328,383.11236572265625,116.43550872802734,78.96344757080078,54.52312088012695
2021-04-23,48.36014175415039,166.39999389648438,387.2662048339844,116.16183471679688,79.42645263671875,55.14126205444336
2021-04-26,48.42211151123047,166.83999633789062,388.0746154785156,115.99591827392578,79.66201782226562,55.20899200439453
2021-04-27,48.39556121826172,166.4199981689453,387.9910888671875,114.98411560058594,79.65389251708984,55.12432098388672
2021-04-28,48.75850296020508,166.91000366210938,387.8795471191406,115.0587158203125,79.48330688476562,55.35295867919922
2021-04-29,48.64341354370117,166.22000122070312,390.3514404296875,114.71871948242188,80.16565704345703,55.3444938659668
2021-04-30,47.78473663330078,165.66000366210938,387.78656005859375,114.98411560058594,80.4824447631836,54.56546401977539
2021-05-03,47.78473663330078,167.80999755859375,388.6230163574219,115.05300903320312,80.32809448242188,55.03117752075195
2021-05-04,47.2447509765625,166.5800018310547,386.2253723144531,115.83380126953125,79.80823516845703,54.31989669799805
2021-05-05,47.466060638427734,167.27000427246094,386.3463439941406,116.02484893798828,78.48419189453125,54.87876892089844
2021-05-06,47.91753387451172,170.05999755859375,389.4314880371094,116.21586608886719,78.9228286743164,55.30215072631836
2021-05-07,48.41325759887695,171.58999633789062,392.2657165527344,115.64276885986328,79.96255493164062,55.95415496826172
2021-05-10,47.54572677612305,172.11000061035156,388.3813781738281,114.47161102294922,79.93820190429688,55.49689483642578
2021-05-11,47.412940979003906,172.13999938964844,384.9151306152344,113.82379150390625,78.93097686767578,54.89569854736328
2021-05-12,46.102813720703125,170.42999267578125,376.73748779296875,112.62772369384766,76.93269348144531,53.82032012939453
2021-05-13,46.040836334228516,171.1300048828125,381.2630615234375,112.80213928222656,77.93181610107422,54.10820770263672
2021-05-14,46.87295913696289,172.69000244140625,387.1175537109375,113.85699462890625,78.85785675048828,55.014251708984375
2021-05-17,46.82870101928711,174.6999969482422,386.1325988769531,113.6161117553711,78.93907165527344,54.9295768737793
2021-05-18,47.457210540771484,175.0399932861328,382.80572509765625,113.32540130615234,78.9553451538086,55.25981903076172
2021-05-19,47.315574645996094,175.16000366210938,381.8020935058594,113.05133819580078,78.7035140991211,54.870304107666016
2021-05-20,47.58999252319336,175.9600067138672,385.9094543457031,113.98155975341797,79.58892059326172,55.46303176879883
2021-05-21,47.0411491394043,176.0399932861328,385.59356689453125,114.3470458984375,79.50767517089844,55.31061553955078
2021-05-24,47.43065643310547,176.35000610351562,389.52435302734375,114.77062225341797,80.4986801147461,55.708587646484375
2021-05-25,47.89982223510742,177.9499969482422,388.66021728515625,115.83380126953125,80.47431945800781,55.86101531982422
2021-05-26,48.2539176940918,177.63999938964844,389.4314880371094,115.63442993164062,80.83172607421875,55.98802185058594
2021-05-27,48.26276779174805,177.7100067138672,389.6358337402344,115.16932678222656,80.64490509033203,56.11503601074219
2021-05-28,48.57259750366211,178.3800048828125,390.3328552246094,114.9865951538086,81.13226318359375,56.24204635620117
2021-06-01,49.572914123535156,177.89999389648438,389.98895263671875,114.9608154296875,82.59440612792969,56.775535583496094
2021-06-02,49.65258026123047,178.77000427246094,390.602294921875,115.22698974609375,83.56105041503906,56.90252685546875
2021-06-03,49.12144470214844,175.27000427246094,389.15264892578125,114.7944107055664,83.25238800048828,56.470672607421875
2021-06-04,49.56406021118164,177.16000366210938,392.7117614746094,116.36651611328125,83.29299926757812,57.01261520385742
2021-06-07,49.316192626953125,177.8699951171875,392.3308410644531,116.00881958007812,84.27586364746094,57.05494689941406
2021-06-08,49.07717514038086,177.32000732421875,392.4144287109375,116.82398223876953,84.97445678710938,56.96180725097656
2021-06-09,48.93553924560547,176.97999572753906,391.82904052734375,117.85539245605469,85.08817291259766,56.76705551147461
2021-06-10,49.327640533447266,177.74000549316406,393.6502685546875,118.56246185302734,85.69739532470703,57.02108383178711
2021-06-11,49.158714294433594,175.74000549316406,394.3008728027344,118.37108612060547,85.3562240600586,57.08881759643555
2021-06-14,49.29207229614258,174.7100067138672,395.1836853027344,117.46449279785156,85.68926239013672,57.15657043457031
2021-06-15,48.954219818115234,174.0500030517578,394.4588623046875,117.3230972290039,84.7713623046875,57.105751037597656
2021-06-16,48.287384033203125,171.11000061035156,392.2563781738281,117.2232437133789,84.21900939941406,56.61463928222656
2021-06-17,48.554115295410156,165.85000610351562,392.1263427734375,118.9782943725586,84.11341857910156,56.35214614868164
2021-06-18,48.21625518798828,164.92999267578125,386.8363342285156,121.21580505371094,82.68376159667969,55.45456314086914
2021-06-21,48.420745849609375,166.9499969482422,392.3742980957031,119.18624877929688,84.38959503173828,56.09893798828125
2021-06-22,48.1984748840332,166.25,394.4720764160156,119.47740936279297,83.95094299316406,56.09040069580078
2021-06-23,48.49188232421875,166.13999938964844,393.99652099609375,119.16960906982422,83.80474853515625,55.91971206665039
2021-06-24,48.936431884765625,166.0399932861328,396.32733154296875,119.36091613769531,83.62393188476562,56.42325973510742
2021-06-25,49.34541702270508,166.58999633789062,397.7351379394531,118.12156677246094,84.18843078613281,56.67931365966797
2021-06-28,49.38987350463867,166.5800018310547,398.5368347167969,119.33598327636719,83.94300842285156,56.44886779785156
2021-06-29,49.354312896728516,164.8300018310547,398.7513427734375,119.53557586669922,83.71393585205078,56.431793212890625
2021-06-30,49.03423309326172,165.6300048828125,399.08697509765625,120.0679702758789,83.27216339111328,56.056251525878906
2021-07-01,48.75861358642578,166.1999969482422,401.29656982421875,120.07459259033203,83.63211822509766,56.10747146606445
2021-07-02,48.70526123046875,167.2899932861328,404.3639221191406,120.79926300048828,83.88572692871094,56.184288024902344
2021-07-06,47.85171890258789,168.1199951171875,403.6274108886719,122.215087890625,84.49927520751953,55.723411560058594
2021-07-07,47.798377990722656,168.75999450683594,405.05377197265625,123.29780578613281,84.79379272460938,55.90264129638672
2021-07-08,46.802574157714844,168.64999389648438,401.75347900390625,123.78083801269531,84.55654907226562,55.049171447753906
2021-07-09,47.61166763305664,169.2100067138672,406.0421142578125,122.04016876220703,85.94729614257812,55.996524810791016
2021-07-12,47.6561164855957,169.0,407.4964904785156,121.8819808959961,86.68355560302734,56.115997314453125
2021-07-13,47.70057678222656,169.22000122070312,406.1072998046875,120.94915008544922,85.4728012084961,55.953853607177734
2021-07-14,47.90507125854492,171.0399932861328,406.71331787109375,122.32337188720703,86.06999969482422,56.04773712158203
2021-07-15,48.02065658569336,171.07000732421875,405.3242492675781,123.672607421875,86.20906066894531,55.75754928588867
2021-07-16,47.6472282409668,169.41000366210938,402.1450500488281,123.43939208984375,86.15180206298828,55.330814361572266
2021-07-19,46.84703063964844,169.61000061035156,396.2061462402344,126.14625549316406,84.5810775756836,54.39198303222656
2021-07-20,46.99817657470703,169.38999938964844,401.8839416503906,124.93021392822266,86.57722473144531,54.7077751159668
2021-07-21,47.300479888916016,168.75999450683594,405.13775634765625,123.34780883789062,86.56902313232422,55.407630920410156
2021-07-22,47.38938522338867,169.08999633789062,405.9861145019531,124.5138168334961,85.88184356689453,55.47589874267578
2021-07-23,46.686988830566406,168.55999755859375,410.1629333496094,123.68090057373047,86.59355926513672,55.5356559753418
2021-07-26,45.797889709472656,168.16000366210938,411.1697692871094,123.31449127197266,86.63447570800781,55.30521774291992
2021-07-27,44.87321472167969,168.44000244140625,409.2959289550781,124.63037872314453,87.12531280517578,54.81873321533203
2021-07-28,46.09129333496094,169.2899932861328,409.1280212402344,124.63874816894531,86.82263946533203,55.407630920410156
2021-07-29,46.32245635986328,171.1699981689453,410.8248291015625,123.94744873046875,86.83897399902344,55.7490119934082
2021-07-30,45.877906799316406,169.82000732421875,408.8297119140625,124.53047180175781,86.9535140991211,55.42469787597656
2021-08-02,46.206886291503906,169.61000061035156,407.97198486328125,125.64117431640625,86.7653579711914,55.65513229370117
2021-08-03,46.4024772644043,169.49000549316406,411.2909851074219,125.70791625976562,86.8717269897461,56.02212905883789
2021-08-04,46.642539978027344,169.52999877929688,409.2679138183594,125.96636962890625,86.60175323486328,55.97092056274414
2021-08-05,46.5714111328125,168.86000061035156,411.85980224609375,125.32427215576172,87.61615753173828,56.133079528808594
2021-08-06,46.18020248413086,164.63999938964844,412.540283203125,123.2311782836914,87.4607162475586,55.868499755859375
2021-08-09,46.33135223388672,161.72000122070312,412.2047424316406,122.78934478759766,86.99443054199219,55.877037048339844
2021-08-10,46.39358901977539,161.77000427246094,412.717529296875,122.2222900390625,86.16815185546875,55.97945022583008
2021-08-11,46.518062591552734,164.0,413.7430419921875,122.14726257324219,86.67538452148438,56.32084274291992
2021-08-12,46.109073638916016,164.0399932861328,414.9830017089844,121.94706726074219,86.86353302001953,56.133079528808594
2021-08-13,45.99348068237305,166.38999938964844,415.73822021484375,123.87332916259766,87.3380126953125,56.32084274291992
2021-08-16,45.57561111450195,167.22000122070312,416.71710205078125,124.17359161376953,87.2316665649414,55.94532012939453
2021-08-17,44.73984909057617,166.97000122070312,413.9854431152344,124.12351989746094,87.14167785644531,55.262542724609375
2021-08-18,44.81098175048828,167.10000610351562,409.45440673828125,124.54051208496094,86.34813690185547,55.151588439941406
2021-08-19,44.046348571777344,166.61000061035156,410.0883483886719,125.45771026611328,86.7653579711914,54.50293731689453
2021-08-20,44.010780334472656,166.6999969482422,413.3514709472656,125.5411605834961,87.19893646240234,54.64802169799805
2021-08-23,44.677616119384766,168.72999572753906,416.98748779296875,125.45771026611328,87.03535461425781,55.23693084716797
2021-08-24,45.691192626953125,168.64999389648438,417.64947509765625,124.48208618164062,86.65084075927734,55.740482330322266
2021-08-25,45.744544982910156,167.47999572753906,418.5257568359375,123.44806671142578,86.59355926513672,55.791690826416016
2021-08-26,45.30888366699219,167.6699981689453,416.0551452636719,123.78998565673828,86.62628173828125,55.41616439819336
2021-08-27,45.869014739990234,170.19000244140625,419.7751159667969,124.6322250366211,87.53436279296875,56.02212905883789
2021-08-30,45.96681594848633,169.35000610351562,421.62103271484375,124.95742797851562,88.40971374511719,56.03920364379883
2021-08-31,46.59808349609375,169.69000244140625,420.9964294433594,124.10682678222656,88.8269271850586,56.23550033569336
2021-09-01,47.19378662109375,169.6999969482422,421.22015380859375,124.31478881835938,90.2503662109375,56.73051071166992
2021-09-02,46.98040008544922,169.25,422.5162353515625,124.85743713378906,90.72486114501953,56.88414001464844
2021-09-03,47.229347229003906,171.05999755859375,422.4135437011719,123.72195434570312,90.74124145507812,57.182857513427734
2021-09-07,47.50497055053711,167.7100067138672,420.90325927734375,122.67821502685547,89.7186050415039,57.1657829284668
2021-09-08,46.81147384643555,167.2899932861328,420.3905029296875,123.51317596435547,90.16857147216797,56.585418701171875
2021-09-09,46.72255325317383,168.02999877929688,418.591064453125,125.00775909423828,88.33606719970703,56.534217834472656
2021-09-10,46.66921615600586,167.17999267578125,415.2906494140625,123.90557861328125,87.04351043701172,56.431793212890625
2021-09-13,46.793678283691406,167.74000549316406,416.3534851074219,124.65703582763672,87.63253784179688,56.798797607421875
2021-09-14,46.4024772644043,168.82000732421875,414.106689453125,126.16828155517578,87.47708129882812,56.508609771728516
2021-09-15,46.39358901977539,167.8300018310547,417.5655822753906,125.725830078125,87.75524139404297,56.645164489746094
2021-09-16,45.869014739990234,164.02999877929688,416.903564453125,125.14969635009766,87.82886505126953,56.37205123901367
2021-09-17,45.67340850830078,163.77000427246094,412.8424987792969,124.54852294921875,87.04351043701172,55.76609420776367
2021-09-20,44.446441650390625,164.94000244140625,405.9587097167969,126.09313201904297,86.51175689697266,54.596405029296875
2021-09-21,44.775421142578125,166.0399932861328,405.57525634765625,125.98468780517578,86.55266571044922,55.085567474365234
2021-09-22,45.335548400878906,165.4199981689453,409.53155517578125,126.73601531982422,87.3952865600586,55.523216247558594
2021-09-23,45.691192626953125,163.50999450683594,414.50732421875,123.87223815917969,87.22349548339844,56.08103561401367
2021-09-24,45.148834228515625,163.3000030517578,415.19012451171875,122.66155242919922,86.29086303710938,55.548973083496094
2021-09-27,45.442237854003906,163.63999938964844,414.0022888183594,122.21066284179688,85.13021087646484,55.634788513183594
2021-09-28,44.855430603027344,162.0500030517578,405.65936279296875,120.30699920654297,84.55401611328125,54.56208801269531
2021-09-29,44.437557220458984,161.32000732421875,406.3420715332031,120.51575469970703,85.18783569335938,54.33037185668945
2021-09-30,44.79319763183594,164.22000122070312,401.375732421875,120.49901580810547,83.7802505493164,54.287471771240234
2021-10-01,44.74874496459961,164.58999633789062,406.145751953125,121.5130844116211,84.965576171875,54.44192886352539
2021-10-04,44.09080123901367,165.36000061035156,400.90802001953125,121.20378112792969,84.98204040527344,53.87554931640625
2021-10-05,44.4019775390625,164.58999633789062,405.0794982910156,120.03341674804688,84.39761352539062,54.2016487121582
2021-10-06,44.15304183959961,165.02999877929688,406.7630920410156,120.71052551269531,85.20428466796875,53.88412857055664
2021-10-07,45.01547622680664,164.16000366210938,410.2798156738281,119.44818115234375,85.43476867675781,54.50200653076172
2021-10-08,45.18439865112305,164.22999572753906,409.53155517578125,118.61222076416016,84.62808990478516,54.5706672668457
2021-10-11,45.09549331665039,163.9199981689453,406.5666809082031,118.31121063232422,84.84210968017578,54.4076042175293
2021-10-12,44.864322662353516,164.66000366210938,405.5658264160156,120.33441925048828,85.953369140625,54.373287200927734
2021-10-13,45.486698150634766,167.58999633789062,407.02490234375,121.50476837158203,86.57896423339844,54.99116134643555
2021-10-14,45.62895965576172,168.0,413.8713684082031,121.95624542236328,87.63258361816406,55.45457458496094
2021-10-15,46.18020248413086,165.3300018310547,417.0233154296875,121.24557495117188,87.56673431396484,55.935150146484375
2021-10-18,46.06461715698242,164.9199981689453,418.25787353515625,121.81412506103516,87.78899383544922,55.76352310180664
2021-10-19,46.678104400634766,165.4499969482422,421.4847412109375,120.13370513916016,87.83013916015625,56.20976257324219
2021-10-20,46.66921615600586,166.89999389648438,423.1402282714844,119.32276916503906,89.2130355834961,56.35565185546875
2021-10-21,46.366920471191406,166.75,424.24383544921875,119.18064880371094,89.33649444580078,56.020965576171875
2021-10-22,46.26911544799805,167.77000427246094,423.8042297363281,120.49321746826172,89.75633239746094,56.19259262084961
2021-10-25,46.50917434692383,168.92999267578125,426.0769958496094,120.309326171875,90.04441833496094,56.252662658691406
2021-10-26,46.26911544799805,167.67999267578125,426.46044921875,121.30408477783203,90.2913589477539,56.20976257324219
2021-10-27,45.895687103271484,168.1199951171875,424.5711669921875,123.51116180419922,89.52584838867188,55.90939712524414
2021-10-28,45.94014358520508,168.0800018310547,428.66778564453125,123.09319305419922,90.77701568603516,56.32130432128906
2021-10-29,45.273311614990234,166.64999389648438,429.53759765625,123.4693374633789,89.75633239746094,55.849327087402344
2021-11-01,45.62895965576172,167.52000427246094,430.2764892578125,122.58041381835938,90.20082092285156,56.38997268676758
2021-11-02,45.219966888427734,167.16000366210938,432.0162353515625,123.12445831298828,90.62886047363281,56.10676956176758
2021-11-03,45.43335723876953,165.77000427246094,434.65374755859375,121.85214233398438,90.93343353271484,56.475791931152344
2021-11-04,45.32666015625,167.64999389648438,436.70208740234375,123.13288116455078,90.0691146850586,56.41571044921875
2021-11-05,45.273311614990234,169.83999633789062,438.21728515625,124.97440338134766,90.53007507324219,56.53585433959961
2021-11-08,45.691192626953125,170.4499969482422,438.59130859375,124.74003601074219,90.45599365234375,56.716068267822266
2021-11-09,45.513370513916016,171.2899932861328,437.1416320800781,126.36395263671875,90.61241149902344,56.54445266723633
2021-11-10,45.32666015625,173.14999389648438,433.6249084472656,124.05366516113281,90.19258880615234,55.97806167602539
2021-11-11,46.109073638916016,174.1199951171875,433.76519775390625,123.86949157714844,90.34075164794922,56.34706115722656
2021-11-12,46.23354721069336,174.4499969482422,437.0386962890625,123.32535552978516,90.2748794555664,56.67316818237305
2021-11-15,46.082401275634766,174.17999267578125,437.1884460449219,121.77680206298828,90.90872955322266,56.553016662597656
2021-11-16,46.14463806152344,172.9199981689453,438.9187927246094,121.46710968017578,90.30782318115234,56.4328727722168
2021-11-17,45.904579162597656,174.5,437.85247802734375,122.42972564697266,90.58770751953125,56.30415344238281
2021-11-18,45.344444274902344,173.94000244140625,439.3395690917969,122.89012908935547,90.60416412353516,56.149681091308594
2021-11-19,45.273311614990234,172.61000061035156,438.5539855957031,124.1875991821289,90.0691146850586,55.78926086425781
2021-11-22,44.90877151489258,168.74000549316406,437.3194580078125,122.73107147216797,89.62460327148438,55.43740463256836
2021-11-23,44.864322662353516,167.27999877929688,437.8992614746094,120.95650482177734,90.3489990234375,55.403079986572266
2021-11-24,44.802093505859375,167.1199951171875,439.0684509277344,122.89847564697266,91.44377899169922,55.179962158203125
2021-11-26,43.29949188232422,166.85000610351562,429.27581787109375,126.00403594970703,88.90023803710938,53.600929260253906
2021-11-29,43.46842575073242,166.6199951171875,434.54150390625,124.99117279052734,89.55876922607422,53.8326301574707
2021-11-30,43.423973083496094,165.5,426.08642578125,126.89125061035156,87.86308288574219,53.47221374511719
2021-12-01,43.58401107788086,166.16000366210938,421.3537292480469,127.67401123046875,86.41433715820312,53.214759826660156
2021-12-02,44.117469787597656,165.24000549316406,427.80731201171875,127.83335876464844,89.00724029541016,53.91845703125
2021-12-03,43.49510192871094,166.6300048828125,424.08489990234375,129.358642578125,88.71092224121094,53.53227996826172
2021-12-06,43.83295440673828,166.22000122070312,429.107421875,127.5819320678711,90.26667785644531,54.05576705932617
2021-12-07,44.526466369628906,166.80999755859375,437.9834289550781,126.55105590820312,91.56725311279297,55.09413528442383
2021-12-08,44.704288482666016,166.89999389648438,439.1431884765625,124.36363220214844,92.22577667236328,55.22287368774414
2021-12-09,44.49090576171875,165.8800048828125,436.1783142089844,125.05921173095703,90.89226531982422,54.81094741821289
2021-12-10,44.526466369628906,166.5800018310547,440.28424072265625,124.75753784179688,91.17214965820312,54.896766662597656
2021-12-13,43.8203239440918,167.0,436.3841247558594,126.60131072998047,92.02821350097656,54.227394104003906
2021-12-14,43.72112274169922,165.44000244140625,433.3816833496094,126.2995834350586,90.85111999511719,54.01285171508789
2021-12-15,43.59486389160156,166.14999389648438,440.1532897949219,125.08441925048828,92.12699127197266,54.4590950012207
2021-12-16,43.64897918701172,168.16000366210938,436.2717590332031,125.13308715820312,92.09406280517578,54.52775573730469
2021-12-17,43.43254089355469,167.8000030517578,431.6286315917969,126.551025390625,91.97883605957031,53.95279312133789
2021-12-20,42.78321075439453,167.08999633789062,427.0389404296875,125.6029052734375,91.26270294189453,53.58774948120117
2021-12-21,43.50467300415039,167.02000427246094,434.622802734375,125.12467956542969,92.29161834716797,54.302146911621094
2021-12-22,43.71210861206055,168.58999633789062,438.9682922363281,125.70355987548828,93.23823547363281,54.79001235961914
2021-12-23,43.93756866455078,168.97000122070312,441.6997375488281,124.61282348632812,93.13946533203125,55.094932556152344
2021-12-27,44.135963439941406,169.3699951171875,447.9506530761719,124.91496276855469,94.72064971923828,55.495689392089844
2021-12-28,43.991676330566406,168.63999938964844,447.5845642089844,124.41986846923828,95.0696029663086,55.43470001220703
2021-12-29,43.793270111083984,168.58999633789062,448.1572265625,123.06062316894531,95.70938110351562,55.38242721557617
2021-12-30,44.29496383666992,169.8000030517578,446.9182434082031,124.09269714355469,96.12483978271484,55.46084213256836
2021-12-31,44.07840347290039,170.9600067138672,445.7919616699219,124.3359375,96.39073181152344,55.38242721557617
2022-01-03,44.39421081542969,168.3300018310547,448.373046875,121.0721435546875,95.63461303710938,55.739620208740234
2022-01-04,44.240814208984375,169.57000732421875,448.22283935546875,120.56875610351562,95.51828002929688,55.8093147277832
2022-01-05,43.51896667480469,169.05999755859375,439.6159973144531,119.91433715820312,92.7846908569336,55.251739501953125
2022-01-06,43.71747589111328,166.99000549316406,439.2030029296875,120.22469329833984,92.86775970458984,55.094932556152344
2022-01-07,44.114498138427734,167.75,437.4666442871094,119.36054229736328,92.25291442871094,55.338871002197266
2022-01-10,44.114498138427734,168.25999450683594,436.9222717285156,119.6541748046875,91.72114562988281,54.92940139770508
2022-01-11,45.13412094116211,170.2899932861328,440.9019470214844,120.45126342773438,91.86241912841797,55.7134895324707
2022-01-12,45.8830451965332,170.74000549316406,442.09393310546875,119.98980712890625,91.97042846679688,56.36688232421875
2022-01-13,45.233375549316406,170.16000366210938,436.00244140625,121.05536651611328,91.78763580322266,55.87900924682617
2022-01-14,45.215328216552734,169.6699981689453,436.1807861328125,119.22627258300781,90.95674133300781,55.82674026489258
2022-01-18,44.41225814819336,169.38999938964844,428.4562683105469,117.54820251464844,90.001220703125,54.99910354614258
2022-01-19,44.60175323486328,172.0800018310547,424.00726318359375,118.36206817626953,88.78813934326172,55.04265594482422
2022-01-20,44.863426208496094,171.64999389648438,419.3143005371094,119.09207153320312,87.6498031616211,54.885841369628906
2022-01-21,44.213748931884766,171.08999633789062,411.0829162597656,120.50997161865234,87.43379211425781,54.093048095703125
2022-01-24,43.59114456176758,172.02999877929688,412.8287353515625,119.51993560791016,87.59998321533203,53.46577453613281
2022-01-25,43.50993728637695,172.5800018310547,407.7884521484375,119.32693481445312,87.25101470947266,53.26540756225586
2022-01-26,42.95952606201172,169.7899932861328,406.765380859375,117.8838882446289,85.88835144042969,52.92562484741211
2022-01-27,42.4632453918457,167.60000610351562,404.7568664550781,120.04859161376953,84.4675521850586,52.551021575927734
2022-01-28,42.6707878112793,167.10000610351562,414.80914306640625,120.09052276611328,87.2011489868164,52.803672790527344
2022-01-31,44.06937789916992,168.08999633789062,422.2802734375,119.46961975097656,88.2729721069336,53.81425857543945
2022-02-01,44.340084075927734,168.22999572753906,425.1336364746094,119.0730209350586,87.9572525024414,54.2760009765625
2022-02-02,44.26789093017578,168.83999633789062,429.2634582519531,119.47634887695312,89.07894897460938,54.554786682128906
2022-02-03,43.79867935180664,168.60000610351562,419.173583984375,118.54369354248047,88.13174438476562,53.82296371459961
2022-02-04,43.90696334838867,168.86000061035156,421.1446228027344,116.79607391357422,87.25932312011719,53.910099029541016
2022-02-07,43.816734313964844,170.11000061035156,419.7930603027344,116.87171936035156,87.13468170166016,53.98851013183594
2022-02-08,44.240814208984375,170.6300048828125,423.2470397949219,116.09032440185547,86.72754669189453,54.302146911621094
2022-02-09,44.93560791015625,171.2100067138672,429.4416809082031,116.30878448486328,88.68843078613281,55.190757751464844
2022-02-10,44.63784408569336,170.55999755859375,421.7265319824219,114.4603500366211,86.59459686279297,54.56350326538086
2022-02-11,43.96110534667969,173.80999755859375,413.41064453125,116.15753936767578,85.80528259277344,53.81425857543945
2022-02-14,43.65431213378906,174.74000549316406,412.0589904785156,114.7123794555664,85.02424621582031,53.491920471191406
2022-02-15,44.60175323486328,173.0800018310547,418.704345703125,113.41008758544922,85.78865814208984,54.46766662597656
2022-02-16,44.92658615112305,174.86000061035156,419.173583984375,114.082275390625,86.18748474121094,54.71160125732422
2022-02-17,44.40324020385742,177.25,410.21942138671875,114.93083953857422,85.27349090576172,53.953651428222656
2022-02-18,43.96110534667969,177.1199951171875,407.563232421875,116.14067840576172,84.75836944580078,53.613887786865234
2022-02-22,43.338497161865234,177.49000549316406,403.1894226074219,116.44318389892578,84.450927734375,52.9779052734375
2022-02-23,42.83319854736328,178.2899932861328,396.0373840332031,114.83841705322266,83.05506134033203,52.45518493652344
2022-02-24,41.94892501831055,177.13999938964844,401.997314453125,114.91405487060547,84.450927734375,51.78436279296875
2022-02-25,42.72491455078125,176.5500030517578,410.8670349121094,114.99806213378906,86.48658752441406,52.96049118041992
2022-02-28,42.16548156738281,178.3800048828125,409.81585693359375,117.51866149902344,85.19872283935547,52.28093719482422
2022-03-01,41.60604476928711,181.6199951171875,403.57421875,118.87737274169922,84.75005340576172,51.305198669433594
2022-03-02,41.678226470947266,179.72999572753906,410.9984436035156,114.81380462646484,86.33704376220703,51.845340728759766
2022-03-03,41.09171676635742,180.8000030517578,408.95233154296875,115.98326110839844,87.04327392578125,51.05254364013672
2022-03-04,40.26157760620117,183.67999267578125,405.6297607421875,117.98558807373047,87.44210815429688,49.86771774291992
2022-03-07,38.75471115112305,186.41000366210938,393.6721496582031,117.08537292480469,85.71385955810547,48.28211212158203
2022-03-08,38.88103103637695,191.50999450683594,390.6874084472656,115.90753936767578,85.2984390258789,48.5609016418457
2022-03-09,39.981868743896484,185.82000732421875,401.1620178222656,114.77178955078125,86.61121368408203,50.23361587524414
2022-03-10,39.23292922973633,186.39999389648438,399.3505859375,113.122802734375,86.8272476196289,49.606346130371094
2022-03-11,38.41183090209961,185.08999633789062,394.27288818359375,113.50138854980469,86.13761138916016,49.0139274597168
2022-03-14,37.48243713378906,182.3000030517578,391.3913269042969,110.85124969482422,85.464599609375,48.94423294067383
2022-03-15,37.53657150268555,178.88999938964844,399.99822998046875,110.65775299072266,86.03793334960938,49.28400421142578
2022-03-16,40.559349060058594,180.00999450683594,408.8678894042969,111.74304962158203,87.05990600585938,51.418453216552734
2022-03-17,40.35182189941406,180.88999938964844,413.9832458496094,110.91014862060547,88.40593719482422,51.67982482910156
2022-03-18,40.92929458618164,179.3000030517578,418.5174560546875,112.26468658447266,88.40593719482422,52.28093719482422
2022-03-21,40.29767990112305,180.6699981689453,418.39501953125,109.66500854492188,87.86585235595703,51.896968841552734
2022-03-22,41.028560638427734,179.36000061035156,423.2908630371094,108.260009765625,88.09017944335938,52.45547866821289
2022-03-23,40.75786209106445,181.80999755859375,417.839599609375,110.63253021240234,87.10187530517578,51.9144287109375
2022-03-24,40.974422454833984,183.1300048828125,424.1382141113281,109.76597595214844,87.65327453613281,52.272216796875
2022-03-25,40.64958190917969,182.3800048828125,426.20953369140625,108.24319458007812,88.7476577758789,52.23731231689453
2022-03-28,40.78492736816406,179.05999755859375,429.2411804199219,109.16861724853516,89.69171905517578,52.14131164550781
2022-03-29,41.47971725463867,179.13999938964844,434.55126953125,109.99312591552734,92.32331085205078,53.16232681274414
2022-03-30,41.3624153137207,180.5800018310547,431.86798095703125,110.85124969482422,91.65497589111328,52.97906494140625
2022-03-31,40.739810943603516,180.64999389648438,425.2210388183594,111.12049102783203,90.5354995727539,52.13259506225586
2022-04-01,41.41655731201172,179.5,426.426025390625,111.54348754882812,92.29825592041016,52.69982147216797
2022-04-04,42.147430419921875,180.3699951171875,430.0791320800781,110.768310546875,91.84712982177734,53.12742233276367
2022-04-05,41.371437072753906,179.24000549316406,424.6466369628906,108.26577758789062,91.3959732055664,52.40312194824219
2022-04-06,40.83005142211914,179.66000366210938,420.4004211425781,107.38941955566406,92.48204803466797,51.74862289428711
2022-04-07,40.50520706176758,180.33999633789062,422.5187683105469,106.58056640625,91.56307983398438,51.713714599609375
2022-04-08,40.54130554199219,181.47000122070312,421.38909912109375,105.42618560791016,91.71345520019531,51.73115539550781
2022-04-11,40.03600311279297,182.3699951171875,414.1865234375,103.75784301757812,90.72764587402344,51.12030792236328
2022-04-12,39.90967559814453,183.77000427246094,412.6518859863281,103.61459350585938,90.5939712524414,50.84105682373047
2022-04-13,40.43302536010742,184.64999389648438,417.37823486328125,103.82525634765625,91.23725891113281,51.44318389892578
2022-04-14,39.90967559814453,184.0399932861328,412.1811218261719,101.74402618408203,90.84459686279297,51.10285949707031
2022-04-18,39.77433395385742,184.61000061035156,412.3506164550781,101.23844909667969,90.47702026367188,50.91086959838867
2022-04-19,39.57582092285156,181.82000732421875,419.0070495605469,100.48013305664062,92.4486312866211,51.01559066772461
2022-04-20,39.34122085571289,182.7100067138672,418.6963806152344,102.50234985351562,93.98582458496094,51.198848724365234
2022-04-21,38.58326721191406,182.05999755859375,412.4353942871094,101.74402618408203,93.33418273925781,50.53562545776367
2022-04-22,38.240386962890625,180.2899932861328,401.1184387207031,101.1036376953125,91.69673919677734,49.75022506713867
2022-04-25,37.96066665649414,177.0500030517578,403.44403076171875,102.11478424072266,91.46282958984375,49.4099006652832
2022-04-26,37.13052749633789,177.32000732421875,391.7598876953125,103.14276123046875,89.95905303955078,48.144535064697266
2022-04-27,37.56364440917969,175.97999572753906,392.86151123046875,101.81985473632812,89.36589813232422,48.46742630004883
2022-04-28,38.105037689208984,176.92999267578125,402.7848815917969,101.9715347290039,91.01168823242188,49.18301010131836
2022-04-29,38.240386962890625,176.91000366210938,387.8996887207031,100.64864349365234,86.83456420898438,48.746681213378906
2022-05-02,38.186241149902344,173.6300048828125,390.23468017578125,98.90399932861328,84.73761749267578,48.59832000732422
2022-05-03,38.465965270996094,174.08999633789062,392.02349853515625,99.57078552246094,85.79027557373047,49.0172004699707
2022-05-04,38.88103103637695,175.8000030517578,403.9617614746094,100.11941528320312,86.77606201171875,49.724056243896484
2022-05-05,37.44633865356445,175.1300048828125,389.6038818359375,97.37632751464844,84.4619140625,48.13581085205078
2022-05-06,36.93202209472656,175.4199981689453,387.27838134765625,95.94144439697266,83.45941162109375,47.63840866088867
2022-05-09,35.867279052734375,172.8800048828125,374.8786926269531,96.78550720214844,79.78351593017578,46.181060791015625
2022-05-10,36.038719177246094,171.4199981689453,375.74493408203125,97.66327667236328,78.32987976074219,46.41667175292969
2022-05-11,35.786067962646484,172.82000732421875,369.7757568359375,99.54547882080078,78.16277313232422,46.163612365722656
2022-05-12,35.55146408081055,170.1699981689453,369.3897705078125,99.35978698730469,78.77265930175781,45.98908233642578
2022-05-13,36.534996032714844,168.7899932861328,378.22113037109375,97.89117431640625,80.85286712646484,47.22825241088867
2022-05-16,36.390625,170.39999389648438,376.6863708496094,97.78990173339844,80.34325408935547,47.21952819824219
2022-05-17,37.28392791748047,169.3300018310547,384.4349670410156,96.60826110839844,81.43766784667969,48.188175201416016
2022-05-18,36.390625,169.4199981689453,368.93780517578125,98.66768646240234,79.07340240478516,47.07990264892578
2022-05-19,36.96811294555664,171.91000366210938,366.67822265625,98.90399932861328,78.72254180908203,47.594764709472656
2022-05-20,37.12150192260742,172.02999877929688,366.8382568359375,100.02657318115234,79.22378540039062,47.86528778076172
2022-05-23,37.40122604370117,172.8300018310547,373.701904296875,98.38069915771484,80.14275360107422,48.5546875
2022-05-24,36.75155258178711,174.1300048828125,370.84906005859375,100.32199096679688,80.8194580078125,48.17072677612305
2022-05-25,36.93202209472656,173.0800018310547,374.12548828125,100.71868896484375,81.50450134277344,48.24925994873047
2022-05-26,37.509498596191406,172.75999450683594,381.6010437011719,100.26290130615234,81.6047592163086,48.825218200683594
2022-05-27,37.94261169433594,172.85000610351562,390.96905517578125,100.50770568847656,83.79358673095703,49.444793701171875
2022-05-31,38.47498321533203,171.13999938964844,388.77532958984375,98.38069915771484,82.76599884033203,49.488441467285156
2022-06-01,38.204288482666016,172.22999572753906,385.6307373046875,98.26828002929688,82.08094024658203,49.00847625732422
2022-06-02,38.86298370361328,174.35000610351562,392.9744567871094,98.31900024414062,83.20877838134766,49.98585510253906
2022-06-03,38.23135757446289,172.5800018310547,386.5251770019531,98.10760498046875,82.09765625,49.22663879394531
2022-06-06,38.43889236450195,171.82000732421875,387.7021179199219,96.29817199707031,81.83866882324219,49.444793701171875
2022-06-07,38.55619430541992,172.94000244140625,391.42095947265625,97.33818817138672,82.96650695800781,49.593162536621094
2022-06-08,38.76372528076172,172.77999877929688,387.1653747558594,96.4757080078125,81.05335998535156,49.19172668457031
2022-06-09,37.846466064453125,172.22999572753906,377.9574890136719,96.79701232910156,79.13188934326172,48.16199493408203
2022-06-10,37.42786407470703,174.5399932861328,366.9983215332031,96.19668579101562,77.37747192382812,47.20207214355469
2022-06-13,36.11747741699219,169.92999267578125,353.0641174316406,93.17814636230469,73.50943756103516,45.61384201049805
2022-06-14,36.61797332763672,168.57000732421875,352.0002136230469,92.00281524658203,72.94970703125,45.50912094116211
2022-06-15,37.10026931762695,170.77000427246094,357.0184020996094,93.71926879882812,74.67904663085938,46.215972900390625
2022-06-16,35.9627799987793,172.69000244140625,345.2025451660156,94.46337127685547,72.71578216552734,45.02043151855469
2022-06-17,36.09927749633789,171.27000427246094,345.9466857910156,94.76774597167969,73.26716613769531,44.880802154541016
2022-06-21,36.68167495727539,170.6300048828125,354.6553955078125,93.16121673583984,74.2863998413086,45.64792251586914
2022-06-22,36.02648162841797,171.30999755859375,354.0123596191406,95.72319793701172,75.23042297363281,45.144744873046875
2022-06-23,36.135684967041016,170.25999450683594,357.48260498046875,96.50952911376953,76.65971374511719,45.08295822143555
2022-06-24,36.9910774230957,170.08999633789062,368.84844970703125,95.17359161376953,78.290771484375,46.31000518798828
2022-06-27,37.03657531738281,169.89999389648438,367.43951416015625,94.36186981201172,78.1730728149414,46.25703811645508
2022-06-28,36.809078216552734,169.6199951171875,359.9316101074219,94.80157470703125,77.22301483154297,46.01869201660156
2022-06-29,36.663475036621094,169.49000549316406,359.6385803222656,96.28124237060547,76.7437744140625,45.72736740112305
2022-06-30,36.49057388305664,168.4600067138672,356.7167663574219,97.12676239013672,76.60086822509766,45.55965042114258
2022-07-01,36.2630729675293,168.32000732421875,360.4896240234375,98.12393188476562,77.97969818115234,45.5419921875
2022-07-05,35.980979919433594,164.75,361.17034912109375,98.89491271972656,77.7610855102539,44.703365325927734
2022-07-06,35.7625846862793,162.13999938964844,362.39013671875,97.23441314697266,77.6181640625,44.62392044067383
2022-07-07,36.481475830078125,162.22999572753906,367.8177185058594,96.37871551513672,77.82836151123047,45.4007568359375
2022-07-08,36.481475830078125,162.3000030517578,367.5152587890625,95.31124114990234,77.4163818359375,45.436065673828125
2022-07-11,35.507781982421875,161.42999267578125,363.3168640136719,96.9548110961914,77.24821472167969,44.55329513549805
2022-07-12,35.37128448486328,160.8300018310547,360.1018981933594,97.53091430664062,76.945556640625,44.49150848388672
2022-07-13,35.28938674926758,161.60000610351562,358.2107238769531,98.64923095703125,76.57563781738281,44.43853759765625
2022-07-14,34.970890045166016,159.3300018310547,357.3408203125,97.84437561035156,75.8862075805664,43.838260650634766
2022-07-15,35.152889251708984,159.00999450683594,364.1679382324219,98.3950424194336,77.17256164550781,44.385562896728516
2022-07-18,35.39858627319336,159.16000366210938,361.16094970703125,97.36991119384766,76.62606811523438,44.668052673339844
2022-07-19,35.980979919433594,159.5399932861328,370.919189453125,96.84465789794922,78.6102523803711,45.72736740112305
2022-07-20,35.8262825012207,158.0399932861328,373.28314208984375,97.09883117675781,78.42528533935547,45.48019790649414
2022-07-21,36.235774993896484,160.27000427246094,377.0843505859375,98.77632904052734,79.04743957519531,45.99219512939453
2022-07-22,35.87178421020508,160.6699981689453,373.585693359375,100.43683624267578,79.45941925048828,45.762691497802734
2022-07-25,35.99917984008789,160.22999572753906,374.0395812988281,99.4541015625,79.59393310546875,46.071651458740234
2022-07-26,35.71708679199219,160.0399932861328,369.6143493652344,99.53031158447266,79.67799377441406,45.53316879272461
2022-07-27,36.381378173828125,161.6699981689453,379.2119140625,98.97116088867188,80.15723419189453,46.50421142578125
2022-07-28,36.53607940673828,163.63999938964844,383.9681396484375,99.75907135009766,82.75514221191406,46.78669738769531
2022-07-29,36.36317443847656,164.10000610351562,389.56591796875,99.48796844482422,83.20075225830078,47.2192497253418
2022-08-01,36.05378341674805,165.02999877929688,388.4122009277344,101.88399505615234,82.52816009521484,47.08683395385742
2022-08-02,35.88087844848633,164.0500030517578,385.8498229980469,99.72817993164062,81.46881103515625,46.50421142578125
2022-08-03,36.16297912597656,164.4499969482422,391.8919982910156,101.29833984375,81.72942352294922,46.804351806640625
2022-08-04,36.41777420043945,167.1699981689453,391.6272277832031,101.26437377929688,81.60331726074219,47.0515251159668
2022-08-05,36.45417785644531,165.2899932861328,390.9653625488281,98.85393524169922,81.830322265625,46.82201385498047
2022-08-08,36.49967575073242,166.69000244140625,390.5115051269531,100.44960021972656,82.56177520751953,46.96324920654297
2022-08-09,36.36317443847656,167.1999969482422,388.96075439453125,100.05916595458984,83.01579284667969,46.71607208251953
2022-08-10,36.81816482543945,166.77999877929688,397.1304016113281,99.4056396484375,84.27690887451172,47.68712615966797
2022-08-11,36.96377182006836,166.33999633789062,397.1304016113281,97.08851623535156,84.07512664794922,47.75774383544922
2022-08-12,37.35506057739258,167.8699951171875,403.8534240722656,98.07308197021484,85.52123260498047,48.137332916259766
2022-08-15,37.182167053222656,165.7100067138672,405.51776123046875,97.98820495605469,85.86593627929688,47.86367416381836
2022-08-16,37.17306900024414,165.4199981689453,406.31195068359375,98.39562225341797,85.63893127441406,47.89016342163086
2022-08-17,37.01837158203125,164.35000610351562,403.42791748046875,97.36866760253906,85.12606811523438,47.55470275878906
2022-08-18,36.809078216552734,163.9199981689453,404.6004943847656,97.51290893554688,84.56278228759766,47.36932373046875
2022-08-19,36.30857849121094,162.72000122070312,399.1634216308594,95.9427261352539,83.67156982421875,46.733734130859375
2022-08-22,35.990081787109375,161.63999938964844,390.85186767578125,95.62022399902344,81.84712219238281,46.06282424926758
2022-08-23,36.181182861328125,162.77000427246094,389.9063415527344,95.0939712524414,80.79621124267578,46.18640899658203
2022-08-24,36.172080993652344,163.25,391.154541015625,94.39800262451172,81.25861358642578,46.27469253540039
2022-08-25,36.95466995239258,163.75,396.6766052246094,95.71356201171875,82.46927642822266,46.88379669189453
2022-08-26,36.40867614746094,161.75999450683594,383.2494812011719,96.43499755859375,80.39265441894531,45.81564712524414
2022-08-29,36.181182861328125,161.86000061035156,380.71533203125,95.63717651367188,79.66960144042969,45.6832389831543
2022-08-30,35.75348663330078,160.50999450683594,376.53594970703125,95.87483215332031,78.56822204589844,45.277164459228516
2022-08-31,35.88087844848633,159.27000427246094,373.6708068847656,94.95818328857422,78.19828796386719,45.100608825683594
2022-09-01,35.598785400390625,157.8699951171875,374.8434143066406,93.21968078613281,78.34121704101562,44.60625457763672
2022-09-02,35.271183013916016,159.25999450683594,370.890869140625,93.74701690673828,77.24821472167969,44.332603454589844
2022-09-06,34.852596282958984,158.3300018310547,369.4914245605469,91.42501068115234,77.94605255126953,44.05012130737305
2022-09-07,35.16199493408203,159.94000244140625,376.1293029785156,92.87095642089844,79.46783447265625,44.429710388183594
2022-09-08,34.970890045166016,158.97999572753906,378.5877990722656,91.91835021972656,79.6864242553711,44.447364807128906
2022-09-09,35.48958206176758,159.82000732421875,384.46929931640625,92.12247467041016,80.5523910522461,45.40958023071289
2022-09-12,36.01738357543945,160.6300048828125,388.6014709472656,91.3654556274414,81.33429718017578,46.00985336303711
2022-09-13,34.90719985961914,158.5399932861328,371.70404052734375,91.57811737060547,78.22351837158203,44.46501922607422
2022-09-14,35.0800895690918,157.92999267578125,373.12237548828125,91.89283752441406,77.33230590820312,44.68571090698242
2022-09-15,34.707000732421875,154.97999572753906,368.8862609863281,91.83328247070312,75.90303039550781,44.244319915771484
2022-09-16,34.38850021362305,155.83999633789062,366.072021484375,91.06778717041016,75.91144561767578,43.90888214111328
2022-09-19,34.49769592285156,155.9600067138672,368.9108581542969,91.2804183959961,75.80215454101562,44.121944427490234
2022-09-20,34.306602478027344,155.07000732421875,364.67633056640625,90.37035369873047,73.96089172363281,43.50050354003906
2022-09-21,33.733306884765625,155.7899932861328,358.31500244140625,91.88431549072266,72.79225158691406,42.879066467285156
2022-09-22,33.56951141357422,155.6999969482422,355.30523681640625,89.53681945800781,71.86742401123047,42.745906829833984
2022-09-23,32.74142074584961,153.00999450683594,349.3521423339844,89.90253448486328,70.91218566894531,41.44976806640625
2022-09-26,32.341026306152344,151.22999572753906,345.8960876464844,88.18443298339844,68.92353057861328,40.810577392578125
2022-09-27,32.30461883544922,151.5399932861328,345.0131530761719,85.86245727539062,68.00566101074219,40.61526107788086
2022-09-28,32.58671569824219,154.69000244140625,351.80169677734375,88.73731231689453,69.41641998291016,41.39649963378906
2022-09-29,31.85873031616211,154.66000366210938,344.4529724121094,88.2779769897461,67.37676239013672,40.75730895996094
2022-09-30,31.74043083190918,154.6699981689453,339.1265869140625,87.13826751708984,68.13314819335938,40.633033752441406
2022-10-03,32.25912094116211,158.42999267578125,348.0798645019531,88.52283477783203,69.34843444824219,41.494140625
2022-10-04,33.31471633911133,160.6999969482422,358.86572265625,88.27560424804688,70.7507095336914,42.96785354614258
2022-10-05,33.332916259765625,159.80999755859375,358.03021240234375,87.43156433105469,69.36544036865234,42.58610153198242
2022-10-06,33.132713317871094,159.6300048828125,354.3367919921875,86.94558715820312,67.43627166748047,42.00017547607422
2022-10-07,32.44112777709961,157.8800048828125,344.4529724121094,86.10153198242188,65.81304168701172,41.272216796875
2022-10-10,31.986125946044922,155.47999572753906,341.8229675292969,84.76297760009766,65.19263458251953,40.9526252746582
2022-10-11,31.476531982421875,155.16000366210938,339.6581726074219,85.13813781738281,65.85552978515625,40.411075592041016
2022-10-12,31.5129337310791,155.99000549316406,338.537841796875,85.55589294433594,65.1671371459961,40.348941802978516
2022-10-13,31.603931427001953,154.91000366210938,347.4721984863281,84.7374267578125,66.35693359375,40.997005462646484
2022-10-14,31.130733489990234,152.97999572753906,339.5538024902344,84.03828430175781,64.7082290649414,40.348941802978516
2022-10-17,31.986125946044922,153.4199981689453,348.2792053222656,83.62906646728516,67.14730072021484,41.38761520385742
2022-10-18,31.995229721069336,153.75,352.3714599609375,83.82516479492188,67.87818145751953,41.60068130493164
2022-10-19,31.4128360748291,151.69000244140625,349.8743591308594,82.29906463623047,66.18696594238281,41.00587844848633
2022-10-20,31.613035202026367,151.4499969482422,346.9405212402344,80.89231872558594,65.89801788330078,41.05027389526367
2022-10-21,32.09532928466797,154.14999389648438,355.37164306640625,79.43441009521484,66.41643524169922,41.7604866027832
2022-10-24,30.875938415527344,153.64999389648438,359.72021484375,78.77793884277344,66.40794372558594,41.298851013183594
2022-10-25,31.130733489990234,154.0,365.4643859863281,81.07135009765625,69.01701354980469,42.009056091308594
2022-10-26,31.64033317565918,154.97999572753906,362.71099853515625,82.23937225341797,68.97451782226562,42.49733352661133
2022-10-27,31.394636154174805,154.74000549316406,360.7740173339844,83.1004867553711,69.07649230957031,42.168861389160156
2022-10-28,31.203540802001953,153.16000366210938,369.357177734375,82.52924346923828,70.59774017333984,42.3730354309082
2022-10-31,31.11253547668457,151.91000366210938,366.6891784667969,81.94097137451172,70.5212631225586,42.01793670654297
2022-11-01,31.685832977294922,153.4600067138672,365.0845642089844,82.70675659179688,70.49575805664062,42.47957229614258
2022-11-02,31.421932220458984,152.38999938964844,355.92230224609375,82.34780883789062,68.5580825805664,41.94690704345703
2022-11-03,31.603931427001953,151.80999755859375,352.2574768066406,81.90339660644531,68.46458435058594,41.795997619628906
2022-11-04,32.94161605834961,156.47000122070312,357.3276062011719,80.52734375,69.39944458007812,43.39397430419922
2022-11-07,32.95981979370117,155.85000610351562,360.7456359863281,79.72396850585938,69.39944458007812,43.51825714111328
2022-11-08,33.196414947509766,159.4499969482422,362.6920166015625,80.59571838378906,69.61190795898438,43.98877716064453
2022-11-09,32.62311935424805,158.64999389648438,355.21978759765625,80.86067962646484,68.89802551269531,43.278564453125
2022-11-10,33.80610275268555,163.47999572753906,374.7406005859375,83.97171020507812,73.93769073486328,45.40919876098633
2022-11-11,34.725196838378906,164.55999755859375,378.3675537109375,83.66399383544922,73.92918395996094,46.31472396850586
2022-11-14,34.515899658203125,164.9199981689453,375.14886474609375,83.45890045166016,72.12747955322266,45.87083435058594
2022-11-15,35.307594299316406,165.5,378.3485107421875,84.80925750732422,72.90934753417969,46.33247375488281
2022-11-16,34.74338912963867,165.1199951171875,375.462158203125,86.66388702392578,72.24646759033203,45.9951286315918
2022-11-17,34.80709457397461,163.9199981689453,374.3133239746094,85.7493896484375,71.75355529785156,46.03063201904297
2022-11-18,34.60689926147461,162.7899932861328,376.01287841796875,85.15968322753906,72.66290283203125,45.97736740112305
2022-11-21,34.170101165771484,161.8800048828125,374.6456298828125,85.51864624023438,73.04533386230469,45.59563064575195
2022-11-22,34.25200271606445,162.07000732421875,379.687255859375,86.73229217529297,73.44477081298828,46.13717269897461
2022-11-23,34.53410339355469,163.0800018310547,382.0798645019531,88.24507141113281,73.50425720214844,46.607688903808594
2022-11-25,34.37030029296875,163.22000122070312,381.9944152832031,87.94593048095703,73.9716796875,46.71421432495117
2022-11-28,34.21560287475586,161.92999267578125,375.8990173339844,88.19375610351562,71.99150848388672,46.190425872802734
2022-11-29,34.952693939208984,162.72999572753906,375.2533264160156,87.15962219238281,73.1812973022461,46.554412841796875
2022-11-30,35.9627799987793,164.80999755859375,387.0740051269531,87.80062866210938,74.85552978515625,47.49544906616211
2022-12-01,35.844486236572266,167.83999633789062,386.7892150878906,90.60546875,74.69404602050781,47.7440185546875
2022-12-02,35.980979919433594,167.25999450683594,386.3429260253906,91.7448959350586,74.47309112548828,47.788414001464844
2022-12-05,35.57148742675781,164.38999938964844,379.3928527832031,90.45985412597656,73.11331939697266,47.1314697265625
2022-12-06,35.52599334716797,164.83999633789062,373.92401123046875,91.6249771118164,72.4249267578125,46.918399810791016
2022-12-07,35.31669616699219,166.3300018310547,373.28790283203125,93.78388214111328,72.56940460205078,46.81186294555664
2022-12-08,35.744384765625,166.47000122070312,376.2122497558594,93.52685546875,73.07933044433594,47.14921569824219
2022-12-09,35.507781982421875,167.05999755859375,373.4018859863281,91.09381103515625,72.9433364868164,47.07819366455078
2022-12-12,35.39858627319336,165.67999267578125,378.7852478027344,91.38508605957031,73.50425720214844,47.113712310791016
2022-12-13,35.651729583740234,168.50999450683594,381.652587890625,92.26750183105469,74.86404418945312,47.672996520996094
2022-12-14,35.67020797729492,168.10000610351562,379.2125244140625,92.6615982055664,74.35411834716797,47.61085891723633
2022-12-15,34.84797286987305,165.35000610351562,369.9363098144531,93.02313232421875,73.3597640991211,46.474517822265625
2022-12-16,34.9495964050293,166.7899932861328,365.56884765625,91.98400115966797,71.46458435058594,46.217063903808594
2022-12-19,34.97731018066406,166.32000732421875,362.4688720703125,90.43817901611328,70.55524444580078,46.16223907470703
2022-12-20,34.96806716918945,169.0800018310547,362.9649353027344,88.83228302001953,70.37677001953125,46.3060302734375
2022-12-21,35.28218460083008,168.8000030517578,368.3921203613281,89.0555648803711,70.98017883300781,46.74635696411133
2022-12-22,34.96806716918945,166.75999450683594,363.1365966796875,89.03837585449219,70.68196105957031,46.38690185546875
2022-12-23,34.921878814697266,167.25999450683594,365.2254943847656,87.7330322265625,71.31111907958984,46.4947395324707
2022-12-27,35.43924331665039,168.6699981689453,363.7851867675781,85.99832153320312,71.2852783203125,46.74635696411133
2022-12-28,34.921878814697266,167.91000366210938,359.2641296386719,85.49160766601562,70.07003784179688,46.189208984375
2022-12-29,35.50390625,168.85000610351562,365.73095703125,86.46208190917969,71.60418701171875,46.94405746459961
2022-12-30,35.01426315307617,169.63999938964844,364.7676086425781,85.50019836425781,71.08702850341797,46.47676467895508
2023-01-03,35.309898376464844,171.05999755859375,363.23199462890625,87.13189697265625,71.15597534179688,46.791282653808594
2023-01-04,36.37233352661133,172.6699981689453,366.0362548828125,88.32556915283203,72.76769256591797,47.591064453125
2023-01-05,36.261474609375,170.52000427246094,361.8584899902344,88.69488525390625,70.81123352050781,47.17770004272461
2023-01-06,37.019039154052734,173.7100067138672,370.1566467285156,90.32658386230469,72.71598052978516,48.282997131347656
2023-01-09,37.29619598388672,174.10000610351562,369.94683837890625,90.8074951171875,72.7418441772461,48.543609619140625
2023-01-10,37.564117431640625,174.74000549316406,372.5411682128906,89.30460357666016,72.90558624267578,48.741294860839844
2023-01-11,37.721168518066406,174.6199951171875,377.2530212402344,90.75592803955078,75.51705932617188,49.037837982177734
2023-01-12,37.90594482421875,176.63999938964844,378.6265563964844,92.54222106933594,76.47372436523438,49.63092803955078
2023-01-13,38.1553840637207,178.75999450683594,380.09539794921875,91.67484283447266,75.99971008300781,49.90951156616211
2023-01-17,37.94289779663086,177.58999633789062,379.399169921875,91.082275390625,76.2151870727539,49.94544982910156
2023-01-18,37.6842155456543,177.0800018310547,373.4091491699219,93.28935241699219,75.10335540771484,49.67586135864258
2023-01-19,37.970611572265625,179.88999938964844,370.6908264160156,92.70540618896484,74.68965148925781,49.774715423583984
2023-01-20,38.552642822265625,179.2899932861328,377.5964660644531,91.20252990722656,75.57740020751953,50.268951416015625
2023-01-23,38.829803466796875,179.6300048828125,382.12701416015625,90.77310943603516,75.92213439941406,50.511592864990234
2023-01-24,38.85752487182617,180.27999877929688,381.7169494628906,92.07849884033203,76.11174011230469,50.52056884765625
2023-01-25,38.894466400146484,181.11000061035156,381.8599548339844,92.3017349243164,76.1462173461914,50.727256774902344
2023-01-26,39.264015197753906,179.47000122070312,386.0567932128906,91.87238311767578,76.99948120117188,50.906982421875
2023-01-27,39.07924270629883,179.22000122070312,386.9438171386719,91.6404800415039,77.86133575439453,50.790157318115234
2023-01-30,38.29396438598633,178.75999450683594,382.0889587402344,91.30559539794922,76.87018585205078,50.259971618652344
2023-01-31,38.210819244384766,179.41000366210938,387.7068786621094,92.03553009033203,78.48188018798828,50.511592864990234
2023-02-01,38.681983947753906,181.6699981689453,391.827392578125,93.14191436767578,78.96453857421875,50.987850189208984
2023-02-02,38.451019287109375,177.89999389648438,397.53118896484375,93.26245880126953,80.7572250366211,50.86205291748047
2023-02-03,37.76736068725586,173.4600067138672,393.3057861328125,91.8676528930664,79.2403335571289,50.259971618652344
2023-02-06,37.21304702758789,173.82000732421875,390.90216064453125,91.18748474121094,78.66288757324219,49.73876190185547
2023-02-07,37.360862731933594,173.97999572753906,396.0146179199219,90.45561218261719,78.4905014038086,50.08024597167969
2023-02-08,37.314674377441406,174.41000366210938,391.684326171875,90.88613891601562,78.11991882324219,49.855587005615234
2023-02-09,37.49020767211914,173.02999877929688,388.2887268066406,90.02513885498047,77.26665496826172,49.94544982910156
2023-02-10,37.12989807128906,173.36000061035156,389.1947937011719,89.01776885986328,77.53382873535156,49.71181106567383
2023-02-13,37.43477249145508,172.47999572753906,393.7635803222656,89.76683807373047,78.22333526611328,50.13416290283203
2023-02-14,37.37010955810547,172.61000061035156,393.5823974609375,89.5601806640625,77.60276794433594,50.14314270019531
2023-02-15,37.055992126464844,170.88999938964844,394.8605041503906,88.72502136230469,77.91304016113281,49.891544342041016
2023-02-16,37.06522750854492,170.75,389.4237976074219,87.46796417236328,77.15460205078125,49.69384002685547
2023-02-17,36.658729553222656,171.25999450683594,388.4508972167969,88.14817810058594,76.85294342041016,49.648902893066406
2023-02-21,36.19680404663086,170.6199951171875,380.658203125,86.43476867675781,75.31021118164062,49.06480407714844
2023-02-22,36.021270751953125,169.66000366210938,380.13360595703125,87.2269287109375,74.62931823730469,48.786231994628906
2023-02-23,36.19680404663086,169.57000732421875,382.1557312011719,88.07930755615234,75.18953704833984,49.037837982177734
2023-02-24,35.38380813598633,168.35000610351562,378.07342529296875,86.93418884277344,73.87088775634766,48.22908020019531
2023-02-27,35.56857681274414,169.00999450683594,379.3609924316406,87.1752700805664,73.98294067382812,48.69636535644531
2023-02-28,35.319129943847656,169.77999877929688,377.9588623046875,87.57129669189453,73.87950134277344,48.35487747192383
2023-03-01,36.07670211791992,170.75999450683594,376.50909423828125,86.63053131103516,72.94867706298828,48.8491325378418
2023-03-02,36.20603942871094,170.66000366210938,379.43731689453125,85.86236572265625,73.80192565917969,48.95697021484375
2023-03-03,36.52939224243164,172.49000549316406,385.52264404296875,87.94242095947266,74.92236328125,49.57701110839844
2023-03-06,36.40005111694336,171.6199951171875,385.7897033691406,87.26060485839844,74.62931823730469,49.46917724609375
2023-03-07,35.790306091308594,168.6199951171875,379.8760070800781,87.79571533203125,72.88834381103516,48.624481201171875
2023-03-08,35.9381217956543,168.5399932861328,380.49609375,87.88201904296875,73.724365234375,48.8491325378418
2023-03-09,35.14360809326172,170.1999969482422,373.4759521484375,88.09778594970703,72.03511047363281,48.282997131347656
2023-03-10,34.958831787109375,173.8699951171875,368.0869140625,91.1359634399414,69.6477279663086,47.869632720947266
2023-03-13,35.01426315307617,177.86000061035156,367.56231689453125,91.3431167602539,70.5613021850586,47.64497375488281
2023-03-14,35.03274154663086,176.8300018310547,373.63812255859375,89.84129333496094,71.2421875,48.06733322143555
2023-03-15,34.43223571777344,178.2100067138672,371.3013000488281,91.57613372802734,71.19047546386719,46.818241119384766
2023-03-16,34.958831787109375,178.57000732421875,377.8158264160156,90.85977935791016,71.03533172607422,47.49221420288086
2023-03-17,34.74634552001953,183.77000427246094,373.3981018066406,92.22347259521484,69.42361450195312,47.02492904663086
2023-03-20,34.87568664550781,183.83999633789062,376.9885559082031,91.41217803955078,70.216552734375,47.602272033691406
2023-03-21,35.189796447753906,180.3699951171875,381.9386291503906,90.62672424316406,69.9062728881836,48.16972351074219
2023-03-22,35.32837677001953,183.44000244140625,375.42791748046875,91.83506774902344,67.2948226928711,48.04362106323242
2023-03-23,35.818016052246094,185.74000549316406,376.4428405761719,91.83506774902344,66.87249755859375,48.232765197753906
2023-03-24,35.72563171386719,183.64999389648438,378.9130554199219,92.22347259521484,68.58740234375,48.10667419433594
2023-03-27,35.531620025634766,181.9499969482422,379.62158203125,90.05708312988281,68.5090560913086,48.35887145996094
2023-03-28,36.03974533081055,183.44000244140625,378.76947021484375,90.22107696533203,68.34367370605469,48.557029724121094
2023-03-29,36.1413688659668,182.52999877929688,384.27484130859375,90.03977966308594,69.85834503173828,49.01638412475586
2023-03-30,36.501678466796875,184.17999267578125,386.52484130859375,90.45407104492188,70.77236938476562,49.55681228637695
2023-03-31,36.45547866821289,183.22000122070312,391.9727783203125,91.80917358398438,72.28705596923828,49.72794723510742
2023-04-03,36.52939224243164,184.5399932861328,393.46636962890625,92.2409896850586,71.71253204345703,50.088233947753906
2023-04-04,36.52939224243164,187.97999572753906,391.28338623046875,92.69957733154297,71.61676025390625,50.06120300292969
2023-04-05,36.24299240112305,187.8300018310547,390.25897216796875,93.66870880126953,71.23374938964844,49.709930419921875
2023-04-06,36.39081573486328,186.49000549316406,391.7812805175781,93.9110107421875,71.72122955322266,49.88105773925781
2023-04-10,36.427764892578125,185.11000061035156,392.18341064453125,92.39671325683594,72.0520248413086,49.91708755493164
2023-04-11,36.64949035644531,186.27999877929688,392.2887268066406,92.58708190917969,72.35670471191406,50.14227294921875
2023-04-12,36.39081573486328,187.19000244140625,390.6897888183594,92.49189758300781,72.00850677490234,50.27737045288086
2023-04-13,36.88969421386719,189.72000122070312,395.87921142578125,91.76504516601562,71.79087829589844,50.93488311767578
2023-04-14,36.6956901550293,186.36000061035156,394.91217041015625,90.92572784423828,70.6766128540039,50.72772216796875
2023-04-17,36.85274124145508,185.52999877929688,396.32916259765625,89.84410095214844,72.14778137207031,50.72772216796875
2023-04-18,36.806549072265625,186.25,396.58770751953125,90.16424560546875,71.98238372802734,50.889854431152344
2023-04-19,36.43700408935547,185.36000061035156,396.52069091796875,90.0777359008789,72.40894317626953,50.5836067199707
2023-04-20,36.38157272338867,186.08999633789062,394.3568115234375,90.84782409667969,71.69512939453125,50.57460021972656
2023-04-21,36.03974533081055,184.25,394.6632385253906,90.33731842041016,71.70381927490234,50.5836067199707
2023-04-24,35.956600189208984,184.80999755859375,395.07489013671875,91.21126556396484,71.4339599609375,50.655670166015625
2023-04-25,35.28218460083008,185.75,388.80352783203125,92.552490234375,70.72884368896484,49.854042053222656
2023-04-26,35.48543167114258,184.74000549316406,387.1567687988281,91.5660171508789,70.04986572265625,49.91708755493164
2023-04-27,35.96583557128906,184.75,394.8642883300781,90.65746307373047,71.6341781616211,50.55659484863281
2023-04-28,36.15060806274414,184.8000030517578,398.2344970703125,92.11982727050781,72.51339721679688,50.664676666259766
2023-05-01,36.03050231933594,183.97000122070312,397.8323669433594,89.46357727050781,71.97369384765625,50.56560516357422
2023-05-02,35.679439544677734,187.52000427246094,393.361083984375,91.69300079345703,70.75496673583984,50.034183502197266
2023-05-03,35.62400817871094,189.11000061035156,390.6610412597656,92.204833984375,70.47640991210938,50.097232818603516
2023-05-04,35.910404205322266,190.44000244140625,387.89410400390625,91.29396057128906,71.05963897705078,50.18730926513672
2023-05-05,36.39081573486328,187.4600067138672,395.07489013671875,90.99034881591797,72.24352264404297,50.90787124633789
2023-05-08,36.4092903137207,187.69000244140625,395.18023681640625,89.71515655517578,71.8257064819336,50.94389724731445
2023-05-09,36.187564849853516,189.02000427246094,393.4472351074219,89.39417266845703,71.52101135253906,50.70970916748047
2023-05-10,36.169090270996094,188.75,395.28558349609375,90.2616958618164,72.2087173461914,50.67367935180664
2023-05-11,36.03974533081055,187.1300048828125,394.59619140625,91.21592712402344,71.41654968261719,50.45751953125
2023-05-12,35.614768981933594,186.80999755859375,394.07916259765625,90.45250701904297,71.4078369140625,50.232337951660156
2023-05-15,36.270713806152344,187.2100067138672,395.4387512207031,89.51563262939453,71.28598022460938,50.76375961303711
2023-05-16,36.012027740478516,184.8699951171875,392.796142578125,89.24671936035156,69.50141906738281,50.286380767822266
2023-05-17,36.17832565307617,184.22999572753906,397.56427001953125,88.9864730834961,70.44157409667969,50.547584533691406
2023-05-18,35.984317779541016,181.83999633789062,401.3940734863281,88.32719421386719,70.10208892822266,50.38545227050781
2023-05-19,36.012027740478516,183.63999938964844,400.8100280761719,87.7026138305664,69.98892211914062,50.55659484863281
2023-05-22,36.30766677856445,183.2100067138672,400.972900390625,87.39029693603516,70.41546630859375,50.70970916748047
2023-05-23,35.744110107421875,183.42999267578125,396.47283935546875,87.64190673828125,69.7538833618164,49.971134185791016
2023-05-24,35.4761962890625,181.9499969482422,393.60040283203125,87.2081298828125,68.25659942626953,49.37666320800781
2023-05-25,35.402278900146484,180.1999969482422,397.0089416503906,86.99127197265625,68.24790954589844,49.25057601928711
2023-05-26,36.03050231933594,180.9199981689453,402.1504821777344,87.69392395019531,69.03135681152344,49.8270263671875
2023-05-30,35.614768981933594,182.0399932861328,402.3037414550781,88.57007598876953,69.2925033569336,49.35865020751953
2023-05-31,35.28218460083008,182.32000732421875,400.0728759765625,89.34213256835938,69.64071655273438,48.89028549194336
2023-06-01,35.910404205322266,183.75999450683594,403.8739318847656,89.69267272949219,69.64942169189453,49.6558837890625
2023-06-02,36.52939224243164,181.0500030517578,409.7144470214844,88.70979309082031,71.34691619873047,50.38545227050781
2023-06-05,36.52014923095703,182.13999938964844,408.9292907714844,88.54454803466797,70.85072326660156,50.160282135009766
2023-06-06,36.843502044677734,182.33999633789062,409.81976318359375,89.0664291381836,71.52971649169922,50.5836067199707
2023-06-07,36.685218811035156,180.14999389648438,408.4027404785156,87.74430847167969,72.84418487548828,50.20531463623047
2023-06-08,36.945926666259766,182.52999877929688,410.8729248046875,88.77066802978516,72.39152526855469,50.64665985107422
2023-06-09,37.113529205322266,182.0399932861328,411.61016845703125,88.64891815185547,71.97369384765625,50.68268585205078
2023-06-12,37.18800735473633,181.8800048828125,415.3442687988281,88.90983581542969,71.9911117553711,50.86283874511719
2023-06-13,37.56045150756836,180.5399932861328,418.08258056640625,88.03135681152344,72.45245361328125,51.3402099609375
2023-06-14,37.839778900146484,180.63999938964844,418.5804138183594,88.73589324951172,72.7223129272461,51.54737091064453
2023-06-15,38.19359588623047,181.91000366210938,423.7698669433594,89.58831024169922,73.10533905029297,52.024742126464844
2023-06-16,38.06324005126953,181.6300048828125,422.3263854980469,89.24036407470703,73.0531005859375,51.898643493652344
2023-06-20,37.318363189697266,179.75,420.1352844238281,89.8579330444336,72.19131469726562,51.14113235473633
2023-06-21,37.14145278930664,179.49000549316406,417.9826354980469,90.07536315917969,71.75605773925781,51.18666076660156
2023-06-22,37.011104583740234,177.7100067138672,419.491455078125,88.9881591796875,70.72884368896484,50.91351318359375
2023-06-23,36.471065521240234,178.1999969482422,416.3200988769531,89.87532806396484,69.7538833618164,50.12140655517578
2023-06-26,36.592105865478516,178.50999450683594,414.6191101074219,89.97099304199219,71.36432647705078,50.248870849609375
2023-06-27,36.96454620361328,177.69000244140625,419.1646728515625,89.73616027832031,72.24352264404297,50.67679214477539
2023-06-28,36.741085052490234,177.27999877929688,419.3761291503906,90.11885833740234,72.34799194335938,50.62215805053711
2023-06-29,36.54555130004883,177.08999633789062,421.0290222167969,88.49240112304688,73.15615844726562,50.53112030029297
2023-06-30,36.83418655395508,178.27000427246094,425.99749755859375,89.5361328125,73.56110382080078,51.0591926574707
2023-07-03,37.24387741088867,178.47000122070312,426.4875793457031,89.02851104736328,74.2829818725586,51.26860427856445
2023-07-05,37.02041244506836,177.83999633789062,425.85333251953125,88.18253326416016,74.45024108886719,50.77694320678711
2023-07-06,36.2662239074707,177.30999755859375,422.5185852050781,86.93537902832031,73.87801361083984,49.86647415161133
2023-07-07,36.67591094970703,178.63999938964844,421.4518737792969,86.412109375,73.71076202392578,50.349021911621094
2023-07-10,36.70383834838867,178.77999877929688,422.5185852050781,86.52547454833984,74.0276870727539,50.43096923828125
2023-07-11,37.07627487182617,179.4499969482422,425.20947265625,86.97026824951172,75.08409118652344,50.92261505126953
2023-07-12,37.90495300292969,181.8800048828125,428.63067626953125,87.93836212158203,75.48905944824219,51.869510650634766
2023-07-13,38.3984375,182.00999450683594,432.0326843261719,88.86280059814453,75.97322082519531,52.60698699951172
2023-07-14,38.18428039550781,181.42999267578125,431.7635803222656,88.33953094482422,75.82357025146484,52.315643310546875
2023-07-17,38.23084259033203,181.55999755859375,433.2627258300781,88.38312530517578,75.33058166503906,52.34295654296875
2023-07-18,37.951507568359375,183.63999938964844,436.4820861816406,88.78430938720703,74.91682434082031,52.49773406982422
2023-07-19,37.87702178955078,183.6699981689453,437.4527587890625,89.78728485107422,75.76195526123047,52.470420837402344
2023-07-20,37.597694396972656,182.74000549316406,434.55047607421875,88.69712829589844,75.51544952392578,52.16996383666992
2023-07-21,37.54182434082031,182.17999267578125,434.55047607421875,88.72327423095703,75.86758422851562,52.25190734863281
2023-07-24,38.05392837524414,181.39999389648438,436.49169921875,88.40058898925781,76.49262237548828,52.36116027832031
2023-07-25,38.37050247192383,182.41000366210938,437.6833801269531,88.23485565185547,75.94683074951172,52.56146240234375
2023-07-26,38.59396743774414,183.3000030517578,437.750732421875,88.32208251953125,76.2901611328125,52.73445510864258
2023-07-27,38.11910629272461,180.4199981689453,434.8484191894531,86.60396575927734,74.63510131835938,52.397579193115234
2023-07-28,39.0408935546875,181.86000061035156,439.1057434082031,87.04875946044922,74.5735092163086,53.04402160644531
2023-07-31,39.05951690673828,182.35000610351562,439.9417724609375,87.25806427001953,75.05767059326172,53.04402160644531
2023-08-01,38.56603240966797,180.4600067138672,438.682861328125,85.82817077636719,74.93443298339844,52.41579818725586
2023-08-02,37.644248962402344,179.60000610351562,432.5804748535156,84.909912109375,74.50304412841797,51.39606475830078
2023-08-03,37.79322814941406,179.5399932861328,431.34075927734375,82.95088958740234,73.69316101074219,51.33232879638672
2023-08-04,37.74667739868164,180.19000244140625,429.3898620605469,84.4201889038086,73.09452819824219,51.46890640258789
2023-08-07,37.69080352783203,179.77999877929688,433.1378479003906,83.58931732177734,74.01006317138672,51.75115203857422
2023-08-08,37.23456954956055,178.63999938964844,431.25421142578125,84.56005859375,73.53468322753906,51.32322311401367
2023-08-09,37.327674865722656,177.7899932861328,428.3711853027344,84.99735260009766,73.52589416503906,51.36874771118164
2023-08-10,37.38353729248047,177.60000610351562,428.5250244140625,83.59807586669922,73.24417877197266,51.50531768798828
2023-08-11,36.83418655395508,177.60000610351562,428.2750549316406,83.40570068359375,73.35862731933594,51.10471725463867
2023-08-14,36.65727996826172,177.05999755859375,430.63916015625,83.22200775146484,72.87444305419922,50.87709426879883
2023-08-15,36.2382926940918,176.58999633789062,425.6227111816406,82.71479797363281,72.05570983886719,50.248870849609375
2023-08-16,35.91240310668945,175.57000732421875,422.4994201660156,82.06758880615234,71.16658782958984,49.857364654541016
2023-08-17,35.996212005615234,175.3000030517578,419.280029296875,81.71780395507812,70.59435272216797,49.63885498046875
2023-08-18,35.754127502441406,175.3300018310547,419.4818420410156,82.00640106201172,70.814453125,49.55691146850586
2023-08-21,35.837928771972656,175.80999755859375,422.2110900878906,80.9132308959961,70.16299438476562,49.70259475708008
2023-08-22,35.763431549072266,176.10000610351562,421.0675354003906,81.53411102294922,70.365478515625,49.611541748046875
2023-08-23,36.33140563964844,177.88999938964844,425.7572021484375,83.5543441772461,71.47470092773438,50.20334243774414
2023-08-24,36.19173812866211,177.85000610351562,419.8566589355469,83.0033950805664,71.20177459716797,49.64795684814453
2023-08-25,36.228981018066406,177.6199951171875,422.8165588378906,83.2745132446289,71.25462341308594,49.91199493408203
2023-08-28,36.58280563354492,178.1300048828125,425.4977722167969,83.36195373535156,71.9236831665039,50.37633514404297
2023-08-29,37.0483512878418,179.8699951171875,431.64825439453125,84.22774505615234,72.79521179199219,51.022769927978516
2023-08-30,36.92730712890625,180.32000732421875,433.42608642578125,84.14029693603516,73.05931091308594,51.00456237792969
2023-08-31,36.471065521240234,180.02000427246094,432.7918395996094,84.516357421875,72.52229309082031,50.71321105957031
2023-09-01,36.89936447143555,180.11000061035156,433.59912109375,83.19972229003906,72.64554595947266,50.92261505126953
2023-09-05,36.601417541503906,178.63999938964844,431.72509765625,82.03308868408203,71.80043029785156,50.485595703125
2023-09-06,36.39657974243164,177.8300018310547,428.8229064941406,82.23484802246094,71.6507797241211,50.31260681152344
2023-09-07,35.96827697753906,178.02000427246094,427.5062561035156,82.46289825439453,72.09974670410156,50.030364990234375
2023-09-08,36.04275894165039,178.0800018310547,428.1501159667969,82.77867126464844,71.81803894042969,50.00304412841797
2023-09-11,36.48968505859375,178.41000366210938,430.9659423828125,82.18222045898438,71.82682037353516,50.567535400390625
2023-09-12,36.37795639038086,177.49000549316406,428.6018371582031,82.65587615966797,71.79163360595703,50.35812759399414
2023-09-13,36.33140563964844,177.0800018310547,429.1015625,82.63834381103516,71.00811004638672,50.248870849609375
2023-09-14,36.573486328125,177.1699981689453,432.8014221191406,82.0418930053711,72.29341888427734,50.80424880981445
2023-09-15,36.4338264465332,178.33999633789062,427.5869140625,81.54183959960938,72.02050018310547,50.6859016418457
2023-09-18,36.38727569580078,179.38999938964844,427.8376770019531,82.00678253173828,71.37787628173828,50.507408142089844
2023-09-19,36.17311096191406,179.22000122070312,426.95037841796875,81.40151977539062,71.0521469116211,50.47079849243164
2023-09-20,36.02413558959961,179.35000610351562,423.02532958984375,81.6558837890625,71.11376190185547,50.31519317626953
2023-09-21,35.400306701660156,178.0500030517578,416.03338623046875,79.55944061279297,68.69282531738281,49.482242584228516
2023-09-22,35.81930160522461,178.6199951171875,415.0979919433594,80.19981384277344,68.1734390258789,49.674468994140625
2023-09-25,35.661014556884766,177.6999969482422,416.8434753417969,78.22616577148438,68.11181640625,49.500553131103516
2023-09-26,35.15822219848633,176.27999877929688,410.7195739746094,77.95423889160156,66.87053680419922,48.80491638183594
2023-09-27,35.21408462524414,174.10000610351562,410.88348388671875,77.55071258544922,66.42155456542969,48.78660583496094
2023-09-28,35.307193756103516,173.22999572753906,413.26556396484375,77.78755950927734,67.05889129638672,49.08866500854492
2023-09-29,35.33512878417969,171.4499969482422,412.26263427734375,77.79632568359375,67.25445556640625,48.987979888916016
2023-10-02,35.15822219848633,169.64999389648438,412.0986022949219,76.4940414428711,66.01887512207031,48.356407165527344
2023-10-03,34.692665100097656,169.16000366210938,406.5822448730469,74.84850311279297,64.72997283935547,47.761444091796875
2023-10-04,34.59025192260742,169.13999938964844,409.5429992675781,75.90445709228516,65.52110290527344,47.733985900878906
2023-10-05,34.72060775756836,168.8300018310547,409.3886413574219,75.52608489990234,65.88553619384766,48.063499450683594
2023-10-06,35.2234001159668,169.6999969482422,414.24920654296875,74.6109390258789,66.06331634521484,48.65846252441406
2023-10-09,35.0557975769043,172.82000732421875,416.9013671875,76.36204528808594,66.78333282470703,48.557777404785156
2023-10-10,35.558589935302734,172.52999877929688,419.0712585449219,76.2564468383789,67.10334014892578,49.216800689697266
2023-10-11,35.78205490112305,173.7899932861328,420.78790283203125,77.8491439819336,68.26781463623047,49.418182373046875
2023-10-12,35.38167953491211,173.25999450683594,418.2225341796875,75.73726654052734,67.27223205566406,48.94221496582031
2023-10-13,35.2513313293457,178.8300018310547,416.1394958496094,77.09239196777344,67.10334014892578,48.594390869140625
2023-10-16,35.51203918457031,177.9600067138672,420.5178527832031,75.85165405273438,67.90335083007812,48.96052169799805
2023-10-17,35.41892623901367,178.2899932861328,420.4985656738281,75.01570892333984,67.80559539794922,48.92390441894531
2023-10-18,34.87889099121094,180.8699951171875,414.89532470703125,74.3557357788086,66.36556243896484,48.09095764160156
2023-10-19,34.67405700683594,183.08999633789062,411.25,72.83342742919922,64.79219055175781,47.761444091796875
2023-10-20,34.25505447387695,183.58999633789062,406.1965026855469,73.24700927734375,64.35662841796875,47.258018493652344
2023-10-23,34.22711944580078,182.97000122070312,405.49249267578125,74.126953125,63.72550582885742,47.239715576171875
2023-10-24,34.664737701416016,182.9499969482422,408.54962158203125,75.10372161865234,64.54330444335938,47.57838439941406
2023-10-25,34.208499908447266,183.72000122070312,402.68609619140625,73.43180084228516,63.1566162109375,47.129878997802734
2023-10-26,34.0409049987793,184.00999450683594,397.8640441894531,74.55813598632812,64.36553192138672,46.86443328857422
2023-10-27,34.01296615600586,186.14999389648438,396.0605773925781,74.2413330078125,63.33440399169922,46.736289978027344
2023-10-30,34.366790771484375,185.10000610351562,400.7958679199219,73.9069595336914,63.734397888183594,47.31294631958008
2023-10-31,34.17125701904297,184.08999633789062,403.3129577636719,73.54621124267578,64.81886291503906,47.34040069580078
2023-11-01,34.48783493041992,183.50999450683594,407.6141052246094,75.14085388183594,65.2188720703125,47.80720901489258
2023-11-02,35.09304428100586,184.1199951171875,415.42578125,76.85379791259766,67.36113739013672,48.7774543762207
2023-11-03,35.80998611450195,184.7899932861328,419.2159118652344,77.37474060058594,68.97003936767578,49.436485290527344
2023-11-06,36.09862518310547,183.35000610351562,420.1802673339844,76.62423706054688,67.97447204589844,49.381561279296875
2023-11-07,36.033451080322266,182.58999633789062,421.3761901855469,77.75442504882812,67.4144515991211,49.07950973510742
2023-11-08,35.79136276245117,180.77000427246094,421.6847229003906,79.07887268066406,67.63668060302734,48.93305587768555
2023-11-09,35.456172943115234,181.49000549316406,418.3961181640625,77.25997161865234,66.57001495361328,48.83237075805664
2023-11-10,35.70757293701172,179.50999450683594,424.9251403808594,77.69261169433594,67.1922378540039,49.08866500854492
2023-11-13,35.69825744628906,180.50999450683594,424.5201416015625,77.51602935791016,66.6322250366211,49.18934631347656
2023-11-14,36.64797592163086,182.1199951171875,432.75616455078125,79.27314758300781,70.3300552368164,50.4341926574707
2023-11-15,36.95523452758789,181.63999938964844,433.6722717285156,78.16059875488281,70.53450775146484,50.516563415527344
2023-11-16,36.601417541503906,183.69000244140625,434.2027282714844,79.13187408447266,70.38339233398438,50.29689025878906
2023-11-17,36.64797592163086,183.6699981689453,434.7427978515625,79.50272369384766,70.3300552368164,50.81861877441406
2023-11-20,37.10421371459961,183.3699951171875,438.08929443359375,79.98836517333984,70.84563446044922,51.111515045166016
2023-11-21,36.87144088745117,185.35000610351562,437.134521484375,79.95304107666016,70.34783935546875,50.8826904296875
2023-11-22,36.79694747924805,184.55999755859375,438.82220458984375,80.235595703125,70.69451141357422,50.92845153808594
2023-11-24,36.815574645996094,185.52000427246094,439.0921630859375,79.29080963134766,70.89897155761719,51.20304489135742
2023-11-27,36.666595458984375,186.77000427246094,438.30145263671875,80.61528015136719,71.15673828125,51.047447204589844
2023-11-28,36.97386169433594,189.25999450683594,438.7353820800781,80.77420806884766,71.62786865234375,51.22135925292969
2023-11-29,36.759708404541016,189.5399932861328,438.42681884765625,81.78961181640625,72.12564849853516,51.20304489135742
2023-11-30,36.83418655395508,188.75,440.153076171875,80.8448486328125,72.65010070800781,51.23966979980469
2023-12-01,36.99248123168945,192.00999450683594,442.7569885253906,82.36743927001953,74.43681335449219,51.70648193359375
2023-12-04,36.573486328125,187.86000061035156,440.4327392578125,82.03974151611328,74.97903442382812,51.24882125854492
2023-12-05,36.35002136230469,187.14999389648438,440.3459777832031,83.80239868164062,74.48125457763672,51.08406066894531
2023-12-06,36.30347442626953,187.83999633789062,438.5714416503906,84.91847229003906,74.25902557373047,51.13898468017578
2023-12-07,36.480377197265625,188.14999389648438,441.9179382324219,84.43131256103516,74.47234344482422,51.39527130126953
2023-12-08,36.32209396362305,185.63999938964844,443.8178405761719,83.74038696289062,74.34790802001953,51.38612365722656
2023-12-11,36.53624725341797,183.58999633789062,445.54412841796875,83.56326293945312,74.5523681640625,51.49595260620117
2023-12-12,36.54555130004883,183.49000549316406,447.5789794921875,83.81126403808594,74.5079116821289,51.550872802734375
2023-12-13,36.9086799621582,187.6300048828125,453.7511901855469,85.77765655517578,77.36129760742188,52.30143356323242
2023-12-14,37.44871520996094,188.72999572753906,455.2074279785156,88.00900268554688,79.59244537353516,52.83232879638672
2023-12-15,37.22525405883789,187.0,454.4579162597656,88.10672760009766,78.47241973876953,52.35635757446289
2023-12-18,37.20663070678711,187.85000610351562,457.0142517089844,87.40471649169922,78.29463958740234,52.45576477050781
2023-12-19,37.5232048034668,189.1300048828125,459.7933349609375,87.8757095336914,78.89022064208984,52.929603576660156
2023-12-20,36.84772491455078,188.10000610351562,453.4218444824219,88.47108459472656,77.93018341064453,52.26066207885742
2023-12-21,37.540279388427734,189.42999267578125,457.7211608886719,87.91124725341797,78.62129974365234,53.180450439453125
2023-12-22,37.36002731323242,190.27000427246094,458.64111328125,87.5113525390625,78.92723846435547,53.199031829833984
2023-12-26,37.65412521362305,191.72000122070312,460.57769775390625,87.76019287109375,79.51215362548828,53.45917510986328
2023-12-27,37.87232971191406,192.58999633789062,461.410400390625,89.3152847290039,79.89910125732422,53.78435134887695
2023-12-28,38.16642761230469,191.47000122070312,461.584716796875,88.66656494140625,80.46601104736328,53.81222152709961
2023-12-29,38.14745330810547,191.1699981689453,460.2484130859375,87.8668212890625,79.51215362548828,53.84938430786133
2024-01-02,37.701568603515625,190.72000122070312,457.6727600097656,87.36029815673828,80.19606018066406,53.2361946105957
2024-01-03,37.49284362792969,189.1300048828125,453.93499755859375,87.72463989257812,78.27935028076172,52.901729583740234
2024-01-04,37.3695182800293,189.32000732421875,452.472900390625,86.39170837402344,78.13536071777344,52.929603576660156
2024-01-05,37.41694641113281,189.35000610351562,453.09259033203125,85.56529235839844,77.93738555908203,52.96676254272461
2024-01-08,37.52130889892578,187.8699951171875,459.5609130859375,86.40946960449219,79.05322265625,53.40342712402344
2024-01-09,36.99003601074219,187.92999267578125,458.8637390136719,85.85852813720703,78.52230834960938,52.88314437866211
2024-01-10,36.90464401245117,187.5,461.4588623046875,85.45862579345703,78.6123046875,53.115413665771484
2024-01-11,37.05644607543945,187.8699951171875,461.2554931640625,85.93850708007812,77.88340759277344,53.143287658691406
2024-01-12,37.18926239013672,189.7100067138672,461.57501220703125,85.76966857910156,78.35133361816406,53.329105377197266
2024-01-16,36.28799057006836,187.91000366210938,459.8804931640625,84.25900268554688,77.77542877197266,52.36286544799805
2024-01-17,35.74722671508789,185.83999633789062,457.3241271972656,84.12571716308594,76.35362243652344,51.78683090209961
2024-01-18,36.041324615478516,187.3699951171875,461.3909912109375,83.34374237060547,75.93968963623047,52.17704391479492
2024-01-19,36.42081069946289,187.92999267578125,467.1427917480469,83.61031341552734,76.84855651855469,52.43718719482422
2024-01-22,36.098243713378906,187.22000122070312,468.1305236816406,84.10795593261719,77.30750274658203,52.4093132019043
2024-01-23,36.411319732666016,187.9499969482422,469.49578857421875,83.44149017333984,76.77657318115234,52.446475982666016
2024-01-24,36.81926727294922,186.39999389648438,470.0090637207031,82.9527359008789,75.6787338256836,52.818111419677734
2024-01-25,36.86669921875,187.13999938964844,472.5653381347656,83.49481964111328,76.65058135986328,52.95746994018555
2024-01-26,36.89516067504883,187.00999450683594,471.9649963378906,83.33484649658203,76.43460845947266,53.12470245361328
2024-01-29,36.91413497924805,188.3300018310547,475.70269775390625,84.29456329345703,76.93852996826172,53.37556076049805
2024-01-30,36.62003707885742,188.58999633789062,475.33477783203125,85.05875396728516,76.21863555908203,53.20832443237305
2024-01-31,36.42081069946289,188.4499969482422,467.57861328125,85.89410400390625,75.4897689819336,52.929603576660156
2024-02-01,36.771827697753906,190.41000366210938,473.6983337402344,87.57899475097656,76.85755920410156,53.4220085144043
2024-02-02,36.66747283935547,188.61000061035156,478.68511962890625,85.64447021484375,75.90370178222656,53.05037307739258
2024-02-05,36.714908599853516,187.57000732421875,476.94207763671875,83.9150161743164,74.3109359741211,52.818111419677734
2024-02-06,37.549766540527344,188.5500030517578,478.3267822265625,84.73514556884766,75.3097915649414,53.37556076049805
2024-02-07,37.597198486328125,188.5,482.3162841796875,84.3250732421875,75.20179748535156,53.38485336303711
2024-02-08,37.38848876953125,188.3300018310547,482.529296875,83.83477783203125,75.81371307373047,53.245487213134766
2024-02-09,37.549766540527344,187.60000610351562,485.3180847167969,83.66535949707031,75.93067932128906,53.46846389770508
2024-02-12,37.84386444091797,187.11000061035156,485.1050109863281,83.76346588134766,75.94869995117188,53.62641143798828
2024-02-13,37.1323356628418,184.52999877929688,478.423583984375,82.32817077636719,74.38292694091797,52.678749084472656
2024-02-14,37.663612365722656,184.4199981689453,482.7713317871094,82.74712371826172,74.96783447265625,53.329105377197266
2024-02-15,37.84386444091797,185.66000366210938,486.1023864746094,83.17506408691406,76.71356964111328,53.84938430786133
2024-02-16,38.02412033081055,186.33999633789062,483.681640625,82.69367980957031,75.92169952392578,53.96087646484375
2024-02-20,38.0810432434082,187.47000122070312,481.01873779296875,82.76497650146484,75.78670501708984,54.12811279296875
2024-02-21,38.14745330810547,187.47999572753906,481.4544677734375,82.17659759521484,76.20966339111328,54.18385696411133
2024-02-22,38.53641891479492,187.55999755859375,491.41839599609375,82.5777816772461,76.35362243652344,54.74130630493164
2024-02-23,38.51744842529297,188.6199951171875,491.75732421875,83.68324279785156,76.31763458251953,54.76917266845703
2024-02-26,38.3466796875,188.1999969482422,489.9562072753906,83.43360900878906,75.48075866699219,54.64839172363281
2024-02-27,38.422576904296875,188.0,490.86651611328125,82.84521484375,75.57075500488281,54.75059127807617
2024-02-28,37.91976547241211,188.33999633789062,490.21771240234375,83.3711929321289,76.33563995361328,54.35109329223633
2024-02-29,37.93873977661133,189.30999755859375,491.97998046875,83.95954132080078,76.98352813720703,54.47187423706055
2024-03-01,38.403602600097656,192.88999938964844,496.598876953125,84.48270416259766,77.90140533447266,55.0943489074707
2024-03-04,38.31822204589844,196.00999450683594,496.0662841796875,84.14288330078125,78.63027954101562,54.92711639404297
2024-03-05,37.976680755615234,197.19000244140625,491.1085205078125,85.34122467041016,77.67642974853516,54.72272491455078
2024-03-06,38.526939392089844,198.80999755859375,493.59710693359375,85.84203338623047,78.0633773803711,55.428829193115234
2024-03-07,38.76411437988281,199.94000244140625,498.4967346191406,85.76155853271484,78.0453872680664,55.95838928222656
2024-03-08,38.72616195678711,201.6300048828125,495.504638671875,85.60952758789062,78.94525146484375,55.80046081542969
2024-03-11,38.811546325683594,202.0,495.07861328125,85.5647964477539,78.56729888916016,55.61463928222656
2024-03-12,39.23846435546875,199.7899932861328,500.40435791015625,84.84938049316406,78.39632415771484,56.06988525390625
2024-03-13,39.115135192871094,201.19000244140625,499.6200256347656,84.43798828125,78.00038146972656,55.98626708984375
2024-03-14,38.9159049987793,200.35000610351562,498.6323547363281,83.14128875732422,76.83055877685547,55.63322067260742
2024-03-15,38.67872619628906,199.7100067138672,495.20849609375,83.11447143554688,76.65958404541016,55.5716667175293
2024-03-18,38.74513626098633,200.02999877929688,498.15155029296875,82.86406707763672,76.69558715820312,55.580989837646484
2024-03-19,38.555397033691406,199.8000030517578,500.9197692871094,83.09657287597656,76.66857147216797,55.599647521972656
2024-03-20,38.99180221557617,202.17999267578125,505.55303955078125,83.06974792480469,77.1725082397461,56.19648742675781
2024-03-21,39.03923797607422,201.97000122070312,507.2237548828125,83.24861145019531,77.73043060302734,56.205810546875
2024-03-22,38.76411437988281,200.35000610351562,506.2620544433594,84.0445327758789,76.75208282470703,55.99132537841797
2024-03-25,38.792572021484375,200.99000549316406,504.86334228515625,83.62422180175781,76.28014373779297,55.944698333740234
2024-03-26,38.76411437988281,201.63999938964844,503.930908203125,83.85672760009766,75.9715805053711,55.944698333740234
2024-03-27,38.83052062988281,203.10000610351562,508.16583251953125,84.68840026855469,77.93190002441406,56.25244903564453
2024-03-28,38.97282791137695,205.72000122070312,508.0687561035156,84.61688232421875,78.48550415039062,56.23379135131836
2024-04-01,39.03923797607422,207.82000732421875,507.1848449707031,83.0395278930664,77.1695556640625,56.13120651245117
2024-04-02,39.162567138671875,210.88999938964844,503.9600524902344,82.58191680908203,76.19845581054688,55.8980598449707
2024-04-03,39.19103240966797,212.74000549316406,504.5135498046875,82.56398010253906,76.28014373779297,56.140533447265625
2024-04-04,39.04872512817383,211.52000427246094,498.3554992675781,83.15615844726562,75.7900619506836,55.7581787109375
2024-04-05,39.13410568237305,215.13999938964844,503.561767578125,81.99869537353516,76.1803207397461,55.963340759277344
2024-04-08,39.3902587890625,216.47999572753906,503.8433837890625,81.98973846435547,76.99711608886719,56.24311828613281
2024-04-09,39.6558952331543,217.6699981689453,504.4261779785156,82.7524185180664,78.02265930175781,56.3923225402832
2024-04-10,39.115135192871094,215.61000061035156,499.3753967285156,80.94894409179688,74.79175567626953,55.599647521972656
2024-04-11,39.35231018066406,219.8000030517578,503.14404296875,80.58109283447266,75.0458755493164,55.795475006103516
2024-04-12,38.4510383605957,216.88999938964844,496.19921875,81.01175689697266,74.15645599365234,54.82561111450195
2024-04-15,38.204376220703125,220.9499969482422,489.9827575683594,79.75560760498047,72.89495849609375,54.57382583618164
2024-04-16,37.701568603515625,221.22000122070312,489.0891418457031,79.22625732421875,71.86943054199219,53.95832824707031
2024-04-17,37.67310333251953,219.58999633789062,486.194580078125,80.10554504394531,71.3430404663086,53.995628356933594
2024-04-18,37.82489013671875,220.33999633789062,485.1941223144531,79.7017822265625,71.35211944580078,54.00495529174805
2024-04-19,37.67310333251953,221.02999877929688,480.95916748046875,79.98892211914062,71.69699096679688,53.986297607421875
2024-04-22,38.0810432434082,215.57000732421875,485.3883972167969,79.85428619384766,72.332275390625,54.54584503173828
2024-04-23,38.39412307739258,215.0399932861328,491.1482849121094,79.88125610351562,72.99479675292969,55.068077087402344
2024-04-24,38.526939392089844,214.63999938964844,490.9151916503906,79.31597900390625,73.13092803955078,54.99348449707031
2024-04-25,38.61231994628906,215.9199981689453,489.0502624511719,78.75968170166016,72.71344757080078,54.890892028808594
2024-04-26,39.05821228027344,216.6199951171875,493.6834411621094,79.17243194580078,72.749755859375,55.338523864746094
2024-04-29,39.43769073486328,216.17999267578125,495.4317932128906,79.83636474609375,73.49395751953125,55.68357467651367
2024-04-30,38.887447357177734,211.8699951171875,487.5836181640625,79.15447235107422,72.25060272216797,54.928199768066406
2024-05-01,38.92538833618164,213.7899932861328,486.0003356933594,79.73789978027344,72.27782440185547,54.881561279296875
2024-05-02,39.9310188293457,213.1300048828125,490.5461120605469,80.0800552368164,73.2942886352539,55.823463439941406
2024-05-03,40.29153060913086,212.9600067138672,496.62652587890625,80.8904037475586,73.78437805175781,56.31772232055664
2024-05-06,40.3294792175293,215.1999969482422,501.7551574707031,81.2055435180664,73.84788513183594,56.62547302246094
2024-05-07,40.10178756713867,214.2100067138672,502.3088073730469,81.70075225830078,74.54671478271484,56.58816909790039
2024-05-08,40.111270904541016,213.5800018310547,502.3573303222656,81.2055435180664,73.92050170898438,56.513553619384766
2024-05-09,40.23460388183594,216.9499969482422,505.2518615722656,81.6017074584961,75.43611907958984,56.85860824584961
2024-05-10,40.31998825073242,218.7100067138672,505.9027404785156,81.14251708984375,75.22737884521484,56.9332160949707
2024-05-13,40.623573303222656,216.25999450683594,505.9705810546875,81.34959411621094,75.4724349975586,57.02647018432617
2024-05-14,40.84177780151367,218.08999633789062,508.2921142578125,81.80878448486328,76.05326080322266,57.38084030151367
2024-05-15,41.27817916870117,220.88999938964844,514.5863037109375,82.92525482177734,77.10602569580078,57.95903778076172
2024-05-16,41.363563537597656,220.02999877929688,513.5275268554688,82.84425354003906,77.05158233642578,57.76319885253906
2024-05-17,41.54381561279297,223.66000366210938,514.265869140625,82.28598022460938,77.04248046875,58.01498794555664
2024-05-20,41.39202880859375,224.55999755859375,514.8580932617188,82.04290008544922,76.58871459960938,58.01498794555664
2024-05-21,41.13587951660156,224.22999572753906,516.1209106445312,82.466064453125,76.5615005493164,57.84712600708008
2024-05-22,41.00305938720703,220.11000061035156,514.6348266601562,82.56512451171875,75.87175750732422,57.4088249206543
2024-05-23,40.6994743347168,215.72000122070312,510.87579345703125,82.03388977050781,74.23815155029297,57.02647018432617
2024-05-24,40.81331253051758,215.9199981689453,514.2559814453125,82.27699279785156,74.29259490966797,57.483428955078125
2024-05-28,40.75638961791992,218.19000244140625,514.6154174804688,81.09749603271484,73.80252838134766,57.464778900146484
2024-05-29,40.14922332763672,216.16000366210938,511.0118713378906,80.1160659790039,73.0855484008789,56.504234313964844
2024-05-30,40.035377502441406,216.57000732421875,507.6219482421875,80.8904037475586,74.15645599365234,56.85860824584961
2024-05-31,39.64641571044922,215.3000030517578,512.2453002929688,81.43963623046875,75.5450210571289,57.13837814331055
2024-06-03,40.06383514404297,217.22000122070312,512.6630249023438,82.75691223144531,75.37258911132812,57.38084030151367
2024-06-04,39.50410079956055,215.27000427246094,513.2361450195312,83.72358703613281,75.95343780517578,57.00782012939453
2024-06-05,40.13973617553711,217.82000732421875,519.3361206054688,84.33793640136719,75.8626708984375,57.520729064941406
2024-06-06,40.338966369628906,219.42999267578125,519.3262329101562,84.21146392822266,76.00788116455078,57.707244873046875
2024-06-07,39.88358688354492,211.60000610351562,518.6950073242188,82.66653442382812,75.29090881347656,57.05445098876953
2024-06-10,40.120758056640625,213.5399932861328,520.2974853515625,82.11541748046875,75.5450210571289,57.20366287231445
2024-06-11,39.98702621459961,214.14999389648438,521.55078125,82.96468353271484,75.27276611328125,56.69075393676758
2024-06-12,40.38823318481445,214.72000122070312,525.8341064453125,83.58807373046875,75.94434356689453,57.28759002685547
2024-06-13,40.29270553588867,212.97000122070312,526.8929443359375,84.81678771972656,76.2529296875,56.69075393676758
2024-06-14,40.34046936035156,215.72999572753906,527.2134399414062,85.530517578125,76.2347640991211,56.37367248535156
2024-06-17,40.598384857177734,214.61000061035156,531.4095458984375,84.68126678466797,75.93526458740234,56.56951141357422
2024-06-18,40.97093963623047,215.47000122070312,532.7597045898438,85.45823669433594,76.2347640991211,56.83063507080078
2024-06-20,40.90407180786133,218.16000366210938,531.3124389648438,84.88906860351562,76.01695251464844,56.7933349609375
2024-06-21,40.760780334472656,214.77999877929688,530.6000366210938,84.88906860351562,76.2075424194336,56.458683013916016
2024-06-24,40.760780334472656,215.6300048828125,528.8753662109375,85.23236083984375,76.79745483398438,56.872291564941406
2024-06-25,40.66525650024414,214.55999755859375,530.9119262695312,85.37690734863281,75.85359954833984,56.872291564941406
2024-06-26,40.579280853271484,212.5800018310547,531.5745239257812,84.1572494506836,75.61763000488281,56.53387451171875
2024-06-27,40.607940673828125,214.99000549316406,532.4125366210938,84.49152374267578,76.35275268554688,56.63727951049805
2024-06-28,40.684356689453125,215.00999450683594,530.3175048828125,82.91950225830078,76.9619369506836,56.68428421020508
2024-07-01,40.779884338378906,215.57000732421875,531.4088745117188,81.48841094970703,76.2360610961914,56.75008773803711
2024-07-02,40.90407180786133,215.55999755859375,534.9852294921875,82.12285614013672,76.59441375732422,56.96629333496094
2024-07-03,41.50587844848633,217.99000549316406,537.3724975585938,83.2013931274414,76.52091217041016,57.64311981201172
2024-07-05,41.677825927734375,220.92999267578125,540.4713134765625,83.89018249511719,76.73223876953125,57.93452835083008
2024-07-08,41.687381744384766,218.19000244140625,541.0950927734375,84.07144927978516,76.98030853271484,57.76533126831055
2024-07-09,41.85932540893555,218.55999755859375,541.6212158203125,83.69985961914062,76.9619369506836,57.66192626953125
2024-07-10,42.098140716552734,219.36000061035156,546.980712890625,83.96268463134766,77.5316162109375,58.33875274658203
2024-07-11,42.34651184082031,223.25,542.2643432617188,84.77840423583984,79.75521850585938,58.611358642578125
2024-07-12,42.51845169067383,223.11000061035156,545.6846923828125,85.14091491699219,80.36165618896484,59.118980407714844
2024-07-15,42.06948471069336,223.8300018310547,547.1853637695312,84.16207122802734,80.90376281738281,58.630165100097656
2024-07-16,42.30829620361328,228.2899932861328,550.4302368164062,85.34940338134766,81.89610290527344,58.95917892456055
2024-07-17,41.620513916015625,227.22999572753906,542.7125244140625,85.36750030517578,82.45658874511719,58.50796127319336
2024-07-18,41.22885513305664,225.77999877929688,538.5418701171875,84.7149658203125,81.730712890625,57.943939208984375
2024-07-19,40.82765197753906,221.72999572753906,534.9656372070312,84.21643829345703,81.58370208740234,57.55852127075195
2024-07-22,41.17154312133789,221.8000030517578,540.4810791015625,83.9717788696289,82.42903900146484,58.08494186401367
2024-07-23,40.80854797363281,222.5800018310547,539.63330078125,83.85393524169922,82.36470031738281,57.737125396728516
2024-07-24,40.216285705566406,221.8000030517578,527.4038696289062,82.94759368896484,81.15185546875,57.01329803466797
2024-07-25,40.053890228271484,218.3300018310547,524.6559448242188,83.62737274169922,80.8853759765625,56.73128890991211
2024-07-26,40.46464920043945,220.6300048828125,530.5319213867188,84.2799072265625,82.30039978027344,57.44571304321289
2024-07-29,40.33091735839844,220.32000732421875,530.8436889648438,84.73307037353516,82.72306823730469,57.20130157470703
2024-07-30,40.1494140625,222.52000427246094,528.1542358398438,85.05936431884766,83.36624145507812,57.22950744628906
2024-07-31,41.02825164794922,226.5500030517578,536.7391357421875,85.929443359375,83.07222747802734,58.1695442199707
2024-08-01,40.31180953979492,225.77000427246094,529.1384887695312,86.67054748535156,83.90837097167969,56.853492736816406
2024-08-02,39.7386589050293,225.33999633789062,519.2867431640625,89.37133026123047,83.86241912841797,55.885250091552734
2024-08-05,38.611454010009766,222.47999572753906,504.16314697265625,89.8442153930664,81.4642562866211,54.5504035949707
2024-08-06,38.8311653137207,220.6999969482422,508.81134033203125,87.83453369140625,83.07222747802734,54.719608306884766
2024-08-07,39.06998062133789,220.5500030517578,505.410400390625,87.2161636352539,82.5025405883789,55.029823303222656
2024-08-08,39.958370208740234,224.00999450683594,517.09423828125,86.67965698242188,83.31111145019531,56.05446243286133
2024-08-09,40.17808151245117,224.55999755859375,519.374267578125,87.53446960449219,83.697021484375,56.24246597290039
2024-08-12,40.31180953979492,228.41000366210938,519.6472778320312,87.85272979736328,83.08140563964844,56.28947448730469
2024-08-13,40.760780334472656,228.05999755859375,528.1931762695312,88.46199035644531,83.80728912353516,57.11670684814453
2024-08-14,40.541072845458984,226.1999969482422,529.8594970703125,89.0167007446289,84.02781677246094,57.13550567626953
2024-08-15,40.99004364013672,226.91000366210938,538.94140625,88.29830169677734,83.96348571777344,57.84053039550781
2024-08-16,41.46767044067383,231.99000549316406,540.1497192382812,88.60747528076172,83.91754913330078,58.21654510498047
2024-08-19,41.8688850402832,231.61000061035156,545.3143310546875,89.0167007446289,84.6158676147461,58.87457275390625
2024-08-20,41.54409408569336,232.4600067138672,544.4276123046875,89.72598266601562,84.51480102539062,58.59256362915039
2024-08-21,41.706485748291016,232.14999389648438,546.298583984375,89.78055572509766,84.96502685546875,59.07197570800781
2024-08-22,41.190643310546875,229.3699951171875,542.0110473632812,88.8893814086914,85.2131118774414,58.601959228515625
2024-08-23,41.87843322753906,232.02000427246094,547.7699584960938,89.47137451171875,87.08753967285156,59.6359977722168
2024-08-26,41.524986267089844,232.75999450683594,546.4642333984375,89.24403381347656,87.05079650878906,59.35399627685547
2024-08-27,41.58230209350586,233.38999938964844,547.2144775390625,89.08943176269531,87.17942810058594,59.5608024597168
2024-08-28,41.32438278198242,231.75,544.0379028320312,88.98031616210938,86.83946228027344,59.25059127807617
2024-08-29,41.34348678588867,232.9499969482422,544.0866088867188,88.68931579589844,86.572998046875,59.400997161865234
2024-08-30,41.42945861816406,231.2899932861328,549.2803955078125,87.74359130859375,87.40912628173828,59.57020568847656
2024-09-03,40.607940673828125,230.2899932861328,537.9766845703125,89.17868041992188,87.36318969726562,58.564361572265625
2024-09-04,40.598384857177734,230.42999267578125,536.8756103515625,90.32819366455078,87.61128997802734,58.44215393066406
2024-09-05,40.65570831298828,232.35000610351562,535.5697631835938,90.83906555175781,87.32644653320312,58.536163330078125
2024-09-06,39.91060256958008,230.6300048828125,526.55615234375,90.8299560546875,87.24373626708984,57.455116271972656
2024-09-09,40.24494552612305,231.60000610351562,532.4514770507812,91.22225952148438,88.21772003173828,58.047340393066406
2024-09-10,40.092105865478516,232.6199951171875,534.7706909179688,91.86087799072266,89.4948959350586,57.81232833862305
2024-09-11,40.38823318481445,232.25,540.2569580078125,91.78787994384766,89.32032012939453,58.14133834838867
2024-09-12,40.722572326660156,236.3300018310547,544.8076782226562,91.35909271240234,89.69705200195312,58.66776657104492
2024-09-13,40.91362380981445,238.67999267578125,547.6530151367188,91.60540008544922,90.63426971435547,58.82756805419922
2024-09-16,41.047359466552734,238.66000366210938,548.4618530273438,92.44475555419922,90.93748474121094,59.212989807128906
2024-09-17,41.09511947631836,237.33999633789062,548.6859741210938,91.99771881103516,90.303466796875,59.02497863769531
2024-09-18,40.95183181762695,235.50999450683594,547.0587768554688,90.85731506347656,90.19322967529297,58.82756805419922
2024-09-19,41.82111358642578,239.1699981689453,556.3938598632812,90.55626678466797,90.21159362792969,59.97441864013672
2024-09-20,41.735145568847656,242.2100067138672,555.4321899414062,90.20958709716797,89.85325622558594,59.55148696899414
2024-09-23,42.05992889404297,242.67999267578125,556.8201293945312,90.01799011230469,90.74452209472656,59.863014221191406
2024-09-24,43.49281692504883,246.07000732421875,558.413330078125,89.99976348876953,90.87316131591797,60.69379425048828
2024-09-25,43.0342903137207,245.72999572753906,557.181640625,89.25165557861328,90.2667236328125,60.231201171875
2024-09-26,44.61046600341797,246.97999572753906,559.3906860351562,89.46148681640625,89.448974609375,61.71338653564453
2024-09-27,44.52449417114258,245.02000427246094,558.5794067382812,89.9267578125,89.56293487548828,61.43960189819336
2024-09-30,43.808048248291016,243.05999755859375,560.8177490234375,89.49797821044922,90.26713562011719,61.118621826171875
2024-10-01,44.12328338623047,245.61000061035156,555.7936401367188,90.14414978027344,89.68338775634766,60.958133697509766
2024-10-02,44.9925651550293,245.66000366210938,556.0283203125,89.38449096679688,89.36834716796875,61.17526626586914
2024-10-03,44.45762634277344,245.49000549316406,555.0117797851562,88.54244995117188,88.55296325683594,60.53330612182617
2024-10-04,44.86838150024414,245.0,560.055419921875,87.45329284667969,88.12673950195312,60.99589157104492
2024-10-07,45.24093246459961,244.1699981689453,554.9921875,86.79429626464844,87.34840393066406,60.8731689453125
2024-10-08,44.12328338623047,242.3699951171875,560.2410888671875,86.94072723388672,87.52446746826172,60.29728317260742
2024-10-09,43.88447189331055,241.0500030517578,564.1215209960938,86.44650268554688,87.61712646484375,60.231201171875
2024-10-10,43.97043991088867,242.82000732421875,563.1343994140625,86.10784912109375,86.83880615234375,60.174564361572266
2024-10-11,44.285675048828125,245.47000122070312,566.5065307617188,85.76004028320312,87.82096099853516,60.52386474609375
2024-10-14,44.10417175292969,245.07000732421875,571.1395263671875,85.82411193847656,88.34912109375,60.56162643432617
2024-10-15,43.168025970458984,245.9199981689453,566.7020263671875,86.86752319335938,89.41468048095703,59.59868240356445
2024-10-16,43.50236892700195,247.14999389648438,569.1651000976562,87.23362731933594,90.3968505859375,59.90078353881836
2024-10-17,43.43550109863281,248.6300048828125,569.2140502929688,85.85160064697266,89.68338775634766,59.80636978149414
2024-10-18,43.865360260009766,251.27000427246094,571.403564453125,85.9156494140625,90.35052490234375,60.287845611572266
2024-10-21,43.55968475341797,251.22000122070312,570.4652099609375,84.41462707519531,88.58075714111328,59.69308853149414
2024-10-22,43.46415710449219,253.92999267578125,570.1621704101562,84.49698638916016,88.71047973632812,59.457069396972656
2024-10-23,43.206233978271484,250.8699951171875,564.952392578125,84.26818084716797,89.35908508300781,58.92839813232422
2024-10-24,43.13936996459961,252.8000030517578,566.1741943359375,84.80818939208984,89.55366516113281,59.05112838745117
2024-10-25,43.101158142089844,253.32000732421875,565.9786376953125,84.3322525024414,88.71047973632812,58.89063262939453
2024-10-28,43.29220962524414,253.3300018310547,567.7283935546875,84.1034164428711,88.98846435546875,59.287139892578125
2024-10-29,43.15847396850586,256.0899963378906,568.6471557617188,84.23155975341797,88.34912109375,59.079444885253906
2024-10-30,42.738162994384766,257.5,566.9268188476562,84.47869873046875,88.73828125,58.73014450073242
2024-10-31,42.46113586425781,253.50999450683594,555.8132934570312,84.61595916748047,87.23723602294922,58.390281677246094
2024-11-01,42.499351501464844,252.47000122070312,558.1591186523438,83.42303466796875,86.27359008789062,58.456363677978516
2024-11-04,42.738162994384766,252.8300018310547,556.9568481445312,84.71790313720703,87.21869659423828,58.6357421875
2024-11-05,43.32086944580078,253.39999389648438,563.6915283203125,85.16791534423828,88.37691497802734,59.27770233154297
2024-11-06,42.78592300415039,245.6999969482422,577.7079467773438,82.83528900146484,86.49596405029297,58.56020736694336
2024-11-07,43.73162841796875,249.64999389648438,582.1749267578125,83.8730239868164,87.53372192382812,59.570350646972656
2024-11-08,42.65218734741211,247.9600067138672,584.69677734375,84.93830108642578,88.84019470214844,58.57909393310547
2024-11-11,42.32740020751953,242.13999938964844,585.2539672851562,84.52505493164062,88.39544677734375,58.503570556640625
2024-11-12,41.524986267089844,240.0500030517578,583.4359130859375,83.25772857666016,87.17237091064453,57.540626525878906
2024-11-13,41.257511138916016,237.6300048828125,583.7192993164062,82.46797180175781,87.65418243408203,57.247962951660156
2024-11-14,41.02825164794922,237.00999450683594,579.9659423828125,82.94549560546875,86.8666000366211,57.181880950927734
2024-11-15,41.02825164794922,236.58999633789062,572.537353515625,82.72508239746094,86.91292572021484,57.03083419799805
2024-11-18,41.49633026123047,241.08999633789062,574.88330078125,82.87202453613281,87.54299926757812,57.399009704589844
2024-11-19,41.46767044067383,243.25,576.9847412109375,83.2944564819336,87.9692153930664,57.41789627075195
2024-11-20,41.4199104309082,244.6199951171875,577.1802368164062,83.02814483642578,87.85802459716797,57.276283264160156
2024-11-21,41.33393478393555,246.66000366210938,580.2786865234375,82.96385955810547,88.50663757324219,57.30461120605469
2024-11-22,41.34348678588867,249.83999633789062,582.0772094726562,83.00977325439453,89.17377471923828,57.50286102294922
2024-11-25,41.37214660644531,242.47999572753906,584.0516967773438,85.15872192382812,90.4153823852539,57.691673278808594
2024-11-26,41.200199127197266,242.9499969482422,587.1012573242188,84.82811737060547,90.77674865722656,57.399009704589844
2024-11-27,41.257511138916016,243.49000549316406,585.3223266601562,85.41585540771484,91.36050415039062,57.65391540527344
2024-11-29,41.32438278198242,245.58999633789062,588.9583129882812,86.2974853515625,90.95279693603516,58.258113861083984
2024-12-02,41.486778259277344,243.44000244140625,590.0140380859375,86.50484466552734,89.6277847290039,58.37139892578125
2024-12-03,41.57274627685547,243.92999267578125,590.2876586914062,85.75836944580078,89.17377471923828,58.61685562133789
2024-12-04,41.677825927734375,244.6699981689453,593.953125,86.67991638183594,88.932861328125,58.62629699707031
2024-12-05,41.95484924316406,242.86000061035156,592.9757080078125,86.8550033569336,88.71974182128906,58.985042572021484
2024-12-06,41.88798141479492,242.9499969482422,594.0997924804688,86.98401641845703,88.59001922607422,58.881195068359375
2024-12-09,42.74771499633789,245.36000061035156,591.0403442382812,86.18230438232422,88.84019470214844,59.20217514038086
2024-12-10,42.05992889404297,248.58999633789062,589.2027587890625,85.77678680419922,87.55226135253906,58.56020736694336
2024-12-11,42.231876373291016,250.9600067138672,593.7576904296875,84.96583557128906,87.34840393066406,58.91895294189453
2024-12-12,42.02172088623047,247.27999877929688,590.6982421875,83.9337387084961,87.20942687988281,58.390281677246094
2024-12-13,42.05992889404297,244.2899932861328,590.5810546875,83.07670593261719,86.95925903320312,58.24867248535156
2024-12-16,41.830665588378906,244.8800048828125,593.102783203125,83.32551574707031,86.65348815917969,58.050418853759766
2024-12-17,41.73061752319336,243.94000244140625,590.6591186523438,83.52824401855469,86.23652648925781,57.84272384643555
2024-12-18,40.75923156738281,239.25999450683594,573.055419921875,82.4837875366211,82.678466796875,56.46439743041992
2024-12-19,40.895225524902344,239.60000610351562,572.87939453125,81.23487091064453,81.3997802734375,56.46439743041992
2024-12-20,41.060359954833984,242.10000610351562,579.76025390625,81.69742584228516,82.77113342285156,56.536407470703125
2024-12-23,41.293495178222656,240.9600067138672,583.2320556640625,80.94808197021484,83.09481811523438,56.862876892089844
2024-12-24,41.41977310180664,241.44000244140625,589.7146606445312,81.29039001464844,83.64678955078125,57.04531478881836
2024-12-26,41.274070739746094,243.07000732421875,589.7538452148438,81.24413299560547,83.871337890625,57.1605339050293
2024-12-27,41.08950424194336,241.39999389648438,583.5458984375,80.57804870605469,83.02932739257812,57.03571701049805
2024-12-30,40.75923156738281,240.6300048828125,576.8866577148438,81.22562408447266,82.61770629882812,56.65163803100586
2024-12-31,40.62323760986328,242.1300048828125,574.7879638671875,80.79082489013672,83.33806610107422,56.584415435791016
2025-01-02,40.56495666503906,245.4199981689453,573.375732421875,81.01282501220703,82.59898376464844,56.488399505615234
2025-01-03,40.94379806518555,243.49000549316406,580.5448608398438,80.75379943847656,83.68421173095703,56.78605651855469
2025-01-06,41.08950424194336,243.19000244140625,583.8890991210938,80.39301300048828,82.60833740234375,57.22774887084961
2025-01-07,40.79808807373047,244.55999755859375,577.2888793945312,79.48640441894531,81.8224868774414,56.96849822998047
2025-01-08,40.60380935668945,245.86000061035156,578.1322631835938,79.58815002441406,82.03766632080078,56.84367370605469
2025-01-10,39.914127349853516,248.2100067138672,569.3056640625,79.06085968017578,80.03559112548828,55.91228103637695
2025-01-13,39.64214324951172,245.74000549316406,570.1883544921875,79.03309631347656,81.01791381835938,55.70103454589844
2025-01-14,40.08898162841797,247.02999877929688,570.972900390625,78.90354919433594,81.75700378417969,56.008304595947266
2025-01-15,40.613529205322266,248.8800048828125,581.35888671875,80.26349639892578,82.22476196289062,56.67083740234375
2025-01-16,40.56495666503906,250.60000610351562,580.2409057617188,80.52253723144531,83.92745971679688,56.853271484375
2025-01-17,40.88551330566406,249.27000427246094,586.06640625,80.66131591796875,83.871337890625,57.13172912597656
2025-01-21,41.322635650634766,253.1300048828125,591.4310302734375,81.38288879394531,85.44303131103516,58.11113357543945
2025-01-22,41.351776123046875,254.42999267578125,594.7557373046875,80.95734405517578,83.95552062988281,57.986305236816406
2025-01-23,41.44891357421875,254.07000732421875,598.0018920898438,80.32825469970703,84.5729751586914,58.360782623291016
2025-01-24,41.72090148925781,255.64999389648438,596.2561645507812,80.68904876708984,84.86299133300781,58.64884567260742
2025-01-27,40.96322250366211,252.99000549316406,587.8218383789062,81.64192962646484,85.9949951171875,58.30317687988281
2025-01-28,41.26435089111328,255.17999267578125,592.8726806640625,81.58643341064453,84.95653533935547,58.37038803100586
2025-01-29,41.274070739746094,254.1999969482422,590.21484375,81.419921875,83.83390045166016,58.379981994628906
2025-01-30,41.97346115112305,258.04998779296875,593.3826293945312,81.72517395019531,84.90042877197266,59.080928802490234
2025-01-31,41.49748992919922,258.55999755859375,590.2246704101562,81.18861389160156,84.71331024169922,58.495208740234375
2025-02-03,41.196353912353516,259.94000244140625,586.2528076171875,81.84966278076172,84.53556060791016,57.90949249267578
2025-02-04,41.934608459472656,262.5,590.185546875,82.10032653808594,84.60103607177734,58.64884567260742
2025-02-05,41.8277587890625,264.1300048828125,592.5784301757812,83.4558334350586,85.78916931152344,59.03291702270508
2025-02-06,42.00260925292969,263.42999267578125,594.6380004882812,83.418701171875,86.00435638427734,59.292171478271484
2025-02-07,41.963748931884766,263.8999938964844,589.1949462890625,82.88020324707031,85.72369384765625,58.9080924987793
2025-02-10,42.46886444091797,268.3699951171875,593.1963500976562,82.62952423095703,85.68627166748047,59.37859344482422
2025-02-11,42.303733825683594,267.3900146484375,593.6474609375,82.10032653808594,86.06048583984375,59.484214782714844
2025-02-12,42.536861419677734,267.6700134277344,591.7349243164062,80.98623657226562,85.26527404785156,59.64744186401367
2025-02-13,42.80885314941406,270.30999755859375,597.9822998046875,82.33244323730469,86.11662292480469,60.29077911376953
2025-02-14,43.139122009277344,266.2900085449219,597.952880859375,82.76881408691406,85.72369384765625,60.406002044677734
2025-02-18,43.411109924316406,270.70001220703125,599.7083129882812,81.79396057128906,86.10726165771484,60.76127624511719
2025-02-19,43.34311294555664,270.8500061035156,601.1205444335938,81.89608764648438,86.1727523803711,60.357994079589844
2025-02-20,43.74138259887695,270.989990234375,598.6197509765625,82.20246124267578,86.58438873291016,60.722869873046875
2025-02-21,43.61509704589844,270.739990234375,588.3810424804688,83.19586944580078,85.7330551147461,60.329185485839844
2025-02-24,42.944847106933594,272.2099914550781,585.7035522460938,83.43726348876953,86.06983947753906,60.03152847290039
2025-02-25,42.9739875793457,268.6199951171875,582.7905883789062,84.87629699707031,87.12700653076172,60.367591857910156
2025-02-26,43.401397705078125,269.0299987792969,583.0849609375,85.37767791748047,86.76213836669922,60.55003356933594
2025-02-27,42.55629348754883,264.92999267578125,573.77783203125,84.774169921875,87.10829162597656,59.743473052978516
2025-02-28,41.97346115112305,263.2699890136719,582.7318725585938,85.81402587890625,87.84738159179688,59.58023452758789
2025-03-03,41.604339599609375,266.739990234375,572.5223388671875,86.21449279785156,88.2590103149414,59.78187561035156
2025-03-04,41.95403289794922,269.05999755859375,565.74560546875,85.15276336669922,87.23926544189453,59.81067657470703
2025-03-05,43.20711898803711,269.6199951171875,571.8261108398438,84.4728775024414,88.21222686767578,61.30858612060547
2025-03-06,42.93513107299805,268.25,561.675537109375,84.1934814453125,85.94822692871094,60.81889343261719
2025-03-07,43.14883804321289,268.3900146484375,564.8236694335938,83.92338562011719,86.46277618408203,61.33739471435547
2025-03-10,42.119171142578125,266.0400085449219,549.7792358398438,84.79885864257812,85.63013458251953,59.945106506347656
2025-03-11,42.46886444091797,269.1600036621094,545.2090454101562,84.1934814453125,84.62911987304688,59.8970947265625
2025-03-12,42.70199966430664,270.3299865722656,548.1023559570312,83.6905746459961,84.36714935302734,60.30998229980469
2025-03-13,42.52714920043945,275.1300048828125,540.7957763671875,84.42631530761719,82.70188903808594,59.945106506347656
2025-03-14,43.30426025390625,275.239990234375,551.9664306640625,83.9792709350586,84.35779571533203,61.010929107666016
2025-03-17,44.042510986328125,276.7300109863281,556.2227172851562,84.39837646484375,85.79853057861328,61.807891845703125
2025-03-18,43.819087982177734,279.9599914550781,550.2108764648438,84.4822006225586,85.34947967529297,61.73107147216797
2025-03-19,43.92594528198242,281.1099853515625,556.2030639648438,84.919921875,85.45238494873047,61.89430618286133
2025-03-20,43.51796340942383,280.75,554.5946044921875,84.97581481933594,85.39624786376953,61.414207458496094
2025-03-21,43.30426025390625,278.489990234375,554.7776489257812,84.4728775024414,84.45134735107422,61.11661911010742
2025-03-24,43.498531341552734,277.25,564.7128295898438,83.60672760009766,85.75175476074219,61.21293258666992
2025-03-25,43.37225341796875,278.4700012207031,566.0703125,83.59741973876953,84.78958892822266,61.4151725769043
2025-03-26,43.10997772216797,278.239990234375,559.3125,83.04792785644531,85.12039947509766,60.779544830322266
2025-03-27,43.32368469238281,281.9700012207031,557.8271484375,82.80577850341797,84.90300750732422,60.91437530517578
2025-03-28,42.51743698120117,284.05999755859375,546.5933837890625,83.95132446289062,84.78958892822266,60.201698303222656
2025-03-31,42.449440002441406,288.1400146484375,550.2625122070312,84.78022003173828,85.5740737915039,59.80683898925781
2025-04-01,42.58543395996094,287.57000732421875,551.8168334960938,85.514892578125,85.61187744140625,59.98019027709961
2025-04-02,42.64371871948242,288.1600036621094,555.308837890625,85.45883178710938,86.1317138671875,60.13428497314453
2025-04-03,41.74032974243164,286.4200134277344,527.94287109375,85.85138702392578,83.1922836303711,58.930442810058594
2025-04-04,39.41872787475586,279.7200012207031,497.0354309082031,86.78606414794922,79.58180236816406,55.328556060791016
2025-04-07,37.951934814453125,273.7099914550781,496.150146484375,84.16896057128906,77.4930191040039,53.82615661621094
2025-04-08,37.41767883300781,275.20001220703125,488.3790588378906,82.5799560546875,75.41368865966797,53.48908615112305
2025-04-09,40.011268615722656,285.3800048828125,539.6683349609375,83.06600189208984,79.9126205444336,57.30284881591797
2025-04-10,39.32158279418945,292.3500061035156,516.0205078125,80.77601623535156,78.0884780883789,56.27236557006836
2025-04-11,40.555240631103516,297.92999267578125,525.2278442382812,81.21531677246094,79.0430679321289,57.81327438354492
2025-04-14,40.92436981201172,296.2300109863281,530.3232421875,81.79481506347656,80.67819213867188,58.44890213012695
2025-04-15,40.88551330566406,297.7799987792969,528.8378295898438,82.08457946777344,80.92393493652344,58.766719818115234
2025-04-16,40.40953826904297,307.4700012207031,517.0828247070312,82.5425796508789,80.86720275878906,58.45854187011719
2025-04-17,40.72037887573242,306.1199951171875,517.8206176757812,81.81351470947266,82.0770034790039,59.055641174316406
2025-04-21,40.710662841796875,315.5899963378906,505.4951477050781,80.38343811035156,80.36627960205078,58.84376525878906
2025-04-22,41.322635650634766,311.1099853515625,518.64697265625,80.83208465576172,81.92578887939453,59.932037353515625
2025-04-23,41.798614501953125,303.6499938964844,526.6836547851562,81.61723327636719,82.0770034790039,60.201698303222656
2025-04-24,42.284305572509766,308.07000732421875,537.7697143554688,82.4771499633789,82.37946319580078,60.97216033935547
2025-04-25,42.20659255981445,304.7300109863281,541.6552734375,83.08470153808594,82.23768615722656,61.02031707763672
2025-04-28,42.284305572509766,309.07000732421875,541.86181640625,83.60810852050781,82.7480697631836,61.37664794921875
2025-04-29,42.40087127685547,306.05999755859375,545.2753295898438,84.30914306640625,83.1922836303711,61.56926345825195
2025-04-30,42.50772476196289,303.7699890136719,545.4917602539062,83.62681579589844,83.48528289794922,61.50184631347656
2025-05-01,42.498008728027344,297.4599914550781,549.3574829101562,83.2027816772461,83.7593765258789,61.34775924682617
2025-05-02,43.71223831176758,297.9800109863281,557.5122680664062,82.30216979980469,84.78958892822266,62.62864685058594
2025-05-05,44.042510986328125,306.8800048828125,554.3153076171875,81.84249114990234,84.6005630493164,62.85977554321289
2025-05-06,43.86766052246094,315.4800109863281,549.68212890625,82.11454772949219,83.94841003417969,62.75384521484375
2025-05-07,43.3625373840332,310.75,551.9937744140625,82.4616470336914,84.04292297363281,62.387874603271484
2025-05-08,43.33340072631836,304.6300048828125,555.8399658203125,81.54229736328125,83.71212768554688,62.224151611328125
2025-05-09,43.624813079833984,306.8399963378906,555.1317749023438,81.66425323486328,84.26976776123047,62.570865631103516
2025-05-12,44.56705856323242,298.19000244140625,573.4774169921875,80.90436553955078,84.68562316894531,63.187232971191406
2025-05-13,44.6447639465332,299.4599914550781,577.2646484375,80.57601928710938,83.60814666748047,63.31242752075195
2025-05-14,44.98474884033203,293.1600036621094,578.00244140625,80.04129028320312,82.78587341308594,63.26427459716797
2025-05-15,44.9653205871582,297.8399963378906,580.8256225585938,80.744873046875,84.29811096191406,63.76506805419922
2025-05-16,44.93617630004883,294.239990234375,584.5045166015625,80.9606704711914,85.34722900390625,63.84212112426758
2025-05-19,45.03331756591797,298.0299987792969,585.1438598632812,80.72611999511719,85.36614227294922,64.27549743652344
2025-05-20,44.98474884033203,303.5799865722656,583.1765747070312,80.14447784423828,84.86520385742188,64.47774505615234
2025-05-21,44.86818313598633,305.82000732421875,573.349609375,78.77481079101562,82.60629272460938,64.17918395996094
2025-05-22,44.722476959228516,303.1099853515625,573.5758666992188,79.18759155273438,82.22823333740234,64.07324981689453
2025-05-23,44.907039642333984,309.75,569.6607666015625,79.31892395019531,82.31328582763672,64.28512573242188
2025-05-27,44.80018615722656,304.5,581.5043334960938,80.42591857910156,83.74993133544922,64.9111328125
2025-05-28,44.596195220947266,303.80999755859375,578.1400756835938,80.07881164550781,83.66486358642578,64.3525390625
2025-05-29,44.76133346557617,305.6099853515625,580.4221801757812,80.81993865966797,84.42098236083984,64.6318359375
2025-05-30,44.21735763549805,303.6000061035156,579.7730712890625,80.94187927246094,84.42098236083984,64.46812438964844
2025-06-02,44.53791427612305,311.6700134277344,583.038818359375,80.1885986328125,84.5344009399414,65.13262939453125
2025-06-03,44.6447639465332,308.9100036621094,586.3637084960938,80.04734802246094,84.36428833007812,64.81482696533203
2025-06-04,45.198455810546875,310.8999938964844,586.2063598632812,81.34679412841797,84.6005630493164,65.23857116699219
2025-06-05,45.43158721923828,309.3299865722656,583.373291015625,81.40328979492188,84.5344009399414,65.32525634765625
2025-06-06,45.57728958129883,305.17999267578125,589.364013671875,80.36749267578125,84.94083404541016,65.49861145019531
2025-06-09,45.96584701538086,306.6199951171875,589.8951416015625,80.45226287841797,85.05422973632812,65.65269470214844
2025-06-10,46.22812271118164,306.7099914550781,593.2396850585938,80.86656188964844,85.78201293945312,65.89346313476562
2025-06-11,46.42239761352539,308.3699951171875,591.5476684570312,81.11137390136719,85.31888580322266,65.95125579833984
2025-06-12,46.50010299682617,312.20001220703125,593.8987426757812,82.08126831054688,85.73474884033203,66.31721496582031
2025-06-13,45.76185607910156,316.2900085449219,587.2588500976562,81.29029846191406,84.90300750732422,65.43119049072266
2025-06-16,46.32286834716797,311.7799987792969,592.84619140625,80.47108459472656,84.96917724609375,65.86456298828125
2025-06-17,45.714778900146484,311.94000244140625,587.7802124023438,81.45037078857422,84.66673278808594,65.05559539794922
2025-06-18,45.7049674987793,310.260009765625,587.691650390625,81.59161376953125,84.95972442626953,65.13262939453125
2025-06-20,45.44015884399414,310.1300048828125,586.3114624023438,81.4409408569336,84.90300750732422,64.6136703491211
2025-06-23,45.81285858154297,311.0799865722656,592.1026611328125,81.70458221435547,86.17896270751953,65.10838317871094
2025-06-24,46.99961853027344,306.19000244140625,598.6439208984375,82.29782104492188,86.40579986572266,66.09781646728516
2025-06-25,47.03884506225586,307.1199951171875,598.9793090820312,82.40139770507812,84.32647705078125,65.92320251464844
2025-06-26,47.35270309448242,306.7799987792969,603.66552734375,82.81571197509766,84.24819946289062,66.57312774658203
2025-06-27,47.166351318359375,301.2200012207031,606.6647338867188,82.28840637207031,84.45819091796875,66.84473419189453
2025-06-30,47.313472747802734,304.8299865722656,609.5654296875,83.09820556640625,85.0022201538086,67.01934051513672
2025-07-01,47.4017448425293,307.54998779296875,609.3681640625,83.30423736572266,85.62259674072266,67.03874969482422
2025-07-02,47.60770797729492,309.25,612.130615234375,82.77496337890625,85.82302856445312,67.25215911865234
2025-07-03,47.823482513427734,307.1400146484375,616.9549560546875,82.19843292236328,85.91847229003906,67.40735626220703
2025-07-07,47.14673614501953,307.3699951171875,612.3573608398438,81.4139633178711,85.18354797363281,66.57312774658203
2025-07-08,47.440975189208984,304.1600036621094,612.0220336914062,81.31000518798828,85.05948638916016,66.99994659423828
2025-07-09,47.362510681152344,305.5199890136719,615.692138671875,82.16063690185547,85.12628936767578,67.30064392089844
2025-07-10,47.490013122558594,306.20001220703125,617.428466796875,82.21733093261719,85.66077423095703,67.39765930175781
2025-07-11,47.33308792114258,309.1400146484375,615.2579956054688,81.08316802978516,85.67031860351562,66.93205261230469
2025-07-14,47.4017448425293,308.010009765625,616.43212890625,80.91304779052734,86.22389221191406,66.99994659423828
2025-07-15,47.745018005371094,306.7300109863281,613.7979125976562,80.34596252441406,84.95449829101562,66.67012786865234
2025-07-16,47.970603942871094,308.260009765625,615.8499755859375,80.4593734741211,85.7562255859375,66.96114349365234
2025-07-17,48.24522399902344,307.5899963378906,619.6187133789062,80.44049072265625,85.66077423095703,67.2036361694336
2025-07-18,48.13733673095703,308.3900146484375,619.1648559570312,80.56333923339844,85.84212493896484,67.03874969482422
2025-07-21,48.451194763183594,313.1300048828125,620.3389892578125,81.28164672851562,86.19526672363281,67.4461441040039
2025-07-22,48.48061752319336,316.1000061035156,620.427734375,81.77311706542969,87.67463684082031,67.72746276855469
2025-07-23,48.971012115478516,312.17999267578125,625.7060546875,81.31946563720703,87.84644317626953,68.93999481201172
2025-07-24,48.70619583129883,310.2699890136719,625.9132080078125,81.17769622802734,87.54102325439453,68.4743881225586
2025-07-25,48.55907440185547,307.3999938964844,628.5573120117188,81.68807220458984,87.5505599975586,68.36768341064453
2025-07-28,48.23542022705078,305.4100036621094,628.3994140625,81.15877532958984,86.14753723144531,67.4849624633789
2025-07-29,48.255035400390625,306.25,626.741943359375,82.52923583984375,87.5314712524414,67.4461441040039
2025-07-30,47.90195083618164,300.9599914550781,625.9526977539062,82.10394287109375,86.29070281982422,66.96114349365234
2025-07-31,47.62732696533203,302.9599914550781,623.6046142578125,82.15117645263672,85.07857513427734,66.41793060302734
2025-08-01,47.27423858642578,309.1099853515625,613.383544921875,83.31909942626953,84.86859130859375,66.19481658935547
2025-08-04,47.7646369934082,310.9100036621094,622.706787109375,83.54678344726562,85.73712921142578,67.00965118408203
2025-08-05,47.90195083618164,311.1600036621094,619.5496826171875,83.80294036865234,86.12845611572266,67.18424987792969
2025-08-06,48.12752914428711,310.5,624.2952270507812,83.31909942626953,85.4603500366211,67.6207504272461
2025-08-07,48.52965545654297,313.1199951171875,623.772216796875,83.17676544189453,85.70849609375,68.10578155517578
2025-08-08,48.490421295166016,313.04998779296875,628.6361694335938,82.81624603271484,85.0022201538086,68.32888793945312
2025-08-11,48.353111267089844,308.54998779296875,627.3930053710938,82.91114044189453,84.43909454345703,68.115478515625
2025-08-12,48.94158935546875,308.2699890136719,634.0723266601562,82.4936752319336,84.91632080078125,68.8720932006836
2025-08-13,49.53006362915039,309.2099914550781,636.2427978515625,83.17676544189453,85.70849609375,69.31831359863281
2025-08-14,48.921974182128906,307.25,636.3020629882812,82.5600814819336,85.09766387939453,69.00790405273438
2025-08-15,48.98081970214844,307.42999267578125,634.8123168945312,81.97187805175781,85.58441925048828,69.31831359863281
2025-08-18,49.2652473449707,306.95001220703125,634.674072265625,81.73468017578125,84.85906219482422,69.41531372070312
2025-08-19,48.86312484741211,305.2699890136719,631.23095703125,82.20906066894531,86.31934356689453,69.23100280761719
2025-08-20,48.79446792602539,308.3599853515625,629.5537109375,82.38932037353516,86.56748962402344,69.31831359863281
2025-08-21,48.686580657958984,307.2900085449219,627.028076171875,81.98135375976562,86.30979919433594,69.05640411376953
2025-08-22,49.65756607055664,310.5799865722656,636.6571044921875,82.58855438232422,87.98006439208984,70.181640625
2025-08-25,49.37313461303711,309.8299865722656,633.855224609375,82.35137176513672,87.47421264648438,69.50261688232422
2025-08-26,49.245635986328125,312.0799865722656,636.5091552734375,82.3039321899414,87.24515533447266,69.46382141113281
2025-08-27,48.95139694213867,312.7099914550781,637.95947265625,82.20906066894531,87.78917694091797,69.26010131835938
2025-08-28,49.13774871826172,315.0299987792969,640.2186889648438,82.74983215332031,87.56010437011719,69.54141998291016
2025-08-29,48.90235900878906,318.07000732421875,636.4006958007812,82.16161346435547,88.0373306274414,69.23100280761719
2025-09-02,48.86312484741211,325.5899963378906,631.684814453125,81.55020141601562,86.57704162597656,68.74600982666016
2025-09-03,49.049476623535156,328.1400146484375,635.1082153320312,82.44541931152344,86.62476348876953,68.8915023803711
2025-09-04,48.892547607421875,326.69000244140625,640.416015625,83.07396697998047,87.27377319335938,69.17281341552734
2025-09-05,49.48102569580078,331.04998779296875,638.561279296875,84.3405990600586,88.25685119628906,69.62872314453125
2025-09-08,49.93218994140625,334.82000732421875,640.1299438476562,85.4643783569336,87.74144744873047,70.29804229736328
2025-09-09,50.206809997558594,334.05999755859375,641.6099243164062,84.97868347167969,87.54102325439453,70.21073913574219
2025-09-10,50.55009078979492,335.260009765625,643.4646606445312,85.4643783569336,87.39785766601562,70.33684539794922
2025-09-11,51.28568649291992,334.760009765625,648.8120727539062,86.03578186035156,88.99176788330078,71.13227081298828
2025-09-12,51.25625991821289,335.4200134277344,648.5949096679688,85.66436767578125,88.58135986328125,70.89945220947266
2025-09-15,51.628963470458984,338.9100036621094,652.0479125976562,85.8643798828125,88.43819427490234,71.45237731933594
2025-09-16,52.011470794677734,339.5899963378906,651.1502075195312,86.0453109741211,87.97052001953125,71.51058959960938
2025-09-17,52.23705291748047,336.9700012207031,650.3411865234375,85.8262939453125,87.85599517822266,71.46207427978516
2025-09-18,52.10955047607422,335.6199951171875,653.3799438476562,84.94059753417969,88.04686737060547,71.5202865600586
2025-09-19,51.991851806640625,339.17999267578125,656.6160278320312,84.77867126464844,87.47421264648438,71.27659606933594
2025-09-22,52.246864318847656,345.04998779296875,659.7225341796875,84.47393798828125,87.49329376220703,71.5885238647461
2025-09-23,52.276283264160156,346.4599914550781,656.13134765625,85.06439208984375,87.97052001953125,71.49103546142578
2025-09-24,52.0997428894043,343.32000732421875,654.0437622070312,84.7406005859375,87.1052474975586,71.07188415527344
2025-09-25,51.79569625854492,344.75,651.0263061523438,84.7406005859375,86.84508514404297,70.66246795654297
2025-09-26,51.69761657714844,346.739990234375,654.756103515625,84.66439819335938,87.70265197753906,70.9159164428711
2025-09-29,52.16839599609375,352.4599914550781,656.5962524414062,85.359619140625,87.73155975341797,71.29607391357422
2025-09-30,52.374366760253906,355.4700012207031,659.0695190429688,85.11201477050781,88.08806610107422,71.6080093383789
2025-10-01,52.78629684448242,356.0299987792969,661.3153686523438,85.33182525634766,88.22296905517578,72.10516357421875
2025-10-02,53.031494140625,354.7900085449219,662.0770263671875,85.58029174804688,87.76045989990234,72.24162292480469
2025-10-03,53.18842315673828,357.6400146484375,662.0671997070312,85.41780853271484,88.08806610107422,72.77777099609375
2025-10-06,53.433624267578125,364.3800048828125,664.4415283203125,84.73929595947266,87.25941467285156,72.93372344970703
2025-10-07,53.021690368652344,366.260009765625,661.9781494140625,85.22667694091797,86.94144439697266,72.36835479736328
2025-10-08,53.44343185424805,372.29998779296875,665.925537109375,85.29358673095703,86.48857116699219,72.65103149414062
2025-10-09,52.89418411254883,365.42999267578125,663.9963989257812,85.22667694091797,86.01643371582031,72.01742553710938
2025-10-10,50.942405700683594,369.1199951171875,646.0499877929688,86.60285949707031,84.91798400878906,70.35052490234375
2025-10-13,52.42340850830078,378.0899963378906,655.9630126953125,86.55506134033203,85.45757293701172,71.42280578613281
2025-10-14,51.9526252746582,380.7900085449219,655.1616821289062,86.83222198486328,86.33440399169922,71.43254852294922
2025-10-15,52.80591583251953,387.3900146484375,658.0702514648438,86.6410903930664,87.58702850341797,72.0564193725586
2025-10-16,53.149192810058594,396.45001220703125,653.588623046875,87.29093933105469,87.2786865234375,72.37809753417969
2025-10-17,53.13938522338867,388.989990234375,657.2986450195312,87.15714263916016,87.8471908569336,72.32935333251953
2025-10-20,53.865169525146484,403.1499938964844,664.1348876953125,87.49163818359375,88.73365020751953,73.04095458984375
2025-10-21,53.26688766479492,377.239990234375,664.1249389648438,87.92166900634766,88.4831314086914,72.3488540649414
2025-10-22,53.21784591674805,377.2799987792969,660.6722412109375,87.97901916503906,88.85891723632812,72.40733337402344
2025-10-23,53.688629150390625,378.7900085449219,664.5899658203125,87.376953125,88.80110931396484,72.82649993896484
2025-10-24,54.04171371459961,377.5199890136719,670.0213623046875,87.4151840209961,89.06127166748047,73.06044006347656
2025-10-27,54.63999557495117,367.010009765625,677.9260864257812,87.71142578125,89.31178283691406,73.61607360839844
2025-10-28,54.62038040161133,364.3800048828125,679.7266235351562,87.9407958984375,87.55812072753906,73.60633087158203
2025-10-29,54.934234619140625,363.0,680.0531005859375,87.05201721191406,85.30340576171875,73.38213348388672
2025-10-30,54.36537551879883,370.1300048828125,672.5739135742188,86.5455093383789,85.70809936523438,72.92398071289062
2025-10-31,54.23787307739258,368.1199951171875,674.780029296875,86.28750610351562,85.92971801757812,72.7485122680664
2025-11-03,54.581153869628906,368.7799987792969,676.0463256835938,86.07168579101562,85.80445861816406,72.9532241821289
2025-11-04,53.58074188232422,362.32000732421875,668.0327758789062,86.26351928710938,85.94898223876953,71.9881820678711
2025-11-05,54.06132888793945,366.510009765625,670.3477783203125,85.32357025146484,86.02606201171875,72.47557067871094
2025-11-06,53.65920639038086,366.07000732421875,663.1554565429688,86.09087371826172,85.61173248291016,72.19287872314453
2025-11-07,53.50227737426758,368.30999755859375,663.808349609375,85.90864562988281,86.94144439697266,72.32935333251953
2025-11-10,54.4438362121582,378.3800048828125,674.1666259765625,85.88945770263672,86.89325714111328,73.23590850830078
2025-11-11,54.502685546875,379.8699951171875,675.7100219726562,86.2826919555664,87.86646270751953,73.6258316040039
2025-11-12,54.51249313354492,385.989990234375,676.0859985351562,86.43617248535156,87.21124267578125,73.90850830078125
2025-11-13,53.87498092651367,382.8699951171875,664.8670043945312,85.72640228271484,86.14168548583984,73.09944152832031
2025-11-14,53.90440368652344,375.9599914550781,664.7581176757812,85.23725128173828,86.32476043701172,73.04095458984375
2025-11-17,53.26688766479492,371.6499938964844,658.56494140625,85.44824981689453,85.61173248291016,72.13440704345703
2025-11-18,53.0020751953125,374.3500061035156,653.03466796875,85.41949462890625,85.9586181640625,71.50078582763672
2025-11-19,52.81571960449219,374.9599914550781,655.557373046875,85.24683380126953,85.28412628173828,71.3155746459961
2025-11-20,52.08993911743164,374.8500061035156,645.5652465820312,85.58253479003906,84.9276123046875,70.37004089355469
2025-11-21,52.08012390136719,374.2699890136719,651.995849609375,85.84149169921875,86.30550384521484,71.08162689208984
2025-11-24,52.629371643066406,380.20001220703125,661.59228515625,86.33065795898438,86.53675079345703,71.38381958007812
2025-11-25,52.81571960449219,380.0799865722656,667.8152465820312,86.55125427246094,87.33650207519531,72.04666900634766
2025-11-26,53.19823455810547,383.1199951171875,672.4254760742188,86.93489837646484,87.72191619873047,72.72901916503906
2025-11-28,53.27669143676758,387.8800048828125,676.0958251953125,86.52246856689453,88.010986328125,73.05069732666016
2025-12-01,53.237464904785156,389.75,673.0091552734375,85.44537353515625,86.99925994873047,72.76801300048828
2025-12-02,53.257080078125,387.239990234375,674.2556762695312,85.48387908935547,86.69091796875,72.8849868774414
2025-12-03,53.29631042480469,386.8800048828125,676.5905151367188,85.72453308105469,86.91253662109375,73.17742156982422
2025-12-04,53.28650665283203,387.1300048828125,677.0851440429688,85.26250457763672,86.7005615234375,73.33338928222656
2025-12-05,53.688629150390625,386.44000244140625,678.3712768554688,84.86784362792969,86.60419464111328,73.47960662841797
2025-12-08,53.5709342956543,385.4200134277344,676.333251953125,84.58871459960938,85.93934631347656,73.32363891601562
2025-12-09,53.482662200927734,387.3999938964844,675.7495727539062,84.67533874511719,85.61173248291016,73.22616577148438
2025-12-10,54.0809440612793,389.04998779296875,680.2312622070312,85.00261688232422,85.92007446289062,74.01573944091797
2025-12-11,53.8259391784668,393.239990234375,681.8141479492188,84.8871078491211,86.29586029052734,74.21070098876953
2025-12-12,53.19823455810547,395.44000244140625,674.4832763671875,84.06893157958984,86.18987274169922,73.70381164550781
2025-12-15,53.04130935668945,395.79998779296875,673.4641723632812,84.1266860961914,86.45967102050781,73.9572525024414
2025-12-16,52.70604705810547,395.8900146484375,671.6240844726562,84.58871459960938,85.82371520996094,73.5575942993164
2025-12-17,52.32801055908203,399.2900085449219,664.2338256835938,84.51171112060547,86.14168548583984,73.07020568847656
2025-12-18,52.92491149902344,398.57000732421875,669.2496948242188,84.91596984863281,85.6888198852539,73.6648178100586
2025-12-19,53.442222595214844,399.0199890136719,675.3153686523438,84.59903717041016,85.36121368408203,74.12443542480469
2025-12-22,53.73072052001953,408.2300109863281,679.5225219726562,84.41544342041016,85.79975128173828,74.54136657714844
2025-12-23,54.029170989990234,413.6400146484375,682.628173828125,84.55072021484375,85.74140167236328,74.99800109863281
2025-12-24,54.13859939575195,411.92999267578125,685.0294799804688,85.06287384033203,86.30536651611328,75.05756378173828
2025-12-26,54.51663589477539,416.739990234375,684.9600219726562,84.78262329101562,86.40259552001953,75.29581451416016
2025-12-29,54.37736129760742,398.6000061035156,682.51904296875,85.10151672363281,86.57762145996094,75.05756378173828
2025-12-30,54.596221923828125,398.8900146484375,681.6856079101562,84.89859008789062,86.75264739990234,75.20647430419922
2025-12-31,54.427101135253906,396.30999755859375,676.635009765625,84.22218322753906,86.04283142089844,74.88880920410156
2026-01-02,55.94919204711914,398.2799987792969,677.8753051757812,84.09657287597656,86.0719985961914,75.98077392578125
2026-01-05,56.565982818603516,408.760009765625,682.3900146484375,84.5120620727539,86.26647186279297,76.78485107421875
2026-01-06,56.98381042480469,413.17999267578125,686.4483642578125,84.33811950683594,86.89849090576172,77.0528793334961
2026-01-07,56.556034088134766,409.2300109863281,684.2356567382812,84.83094024658203,86.05255126953125,76.66573333740234
2026-01-08,56.575931549072266,411.489990234375,684.1661987304688,84.40577697753906,86.8207015991211,76.71536254882812
2026-01-09,56.84453582763672,414.4700012207031,688.6908569335938,84.96621704101562,86.99573516845703,77.26134490966797
2026-01-12,57.64039611816406,422.2300109863281,689.7723999023438,84.71498107910156,87.1124038696289,77.97608947753906
2026-01-13,57.21261978149414,421.6300048828125,688.3931884765625,84.85992431640625,87.59857940673828,77.55915069580078
2026-01-14,57.45138168334961,425.94000244140625,685.0096435546875,85.35274505615234,88.35701751708984,77.89666748046875
2026-01-15,57.78962326049805,423.3299865722656,686.8750610351562,85.33341979980469,88.96959686279297,78.02571105957031
2026-01-16,57.57075881958008,421.2900085449219,686.2994995117188,84.8405990600586,90.0586166381836,78.0654296875
2026-01-20,57.01365661621094,437.2300109863281,672.32861328125,83.72938537597656,88.38618469238281,77.16207885742188
2026-01-21,57.958744049072266,443.6000061035156,680.0880737304688,84.36711883544922,88.7362289428711,78.02571105957031
2026-01-22,58.39646911621094,451.7900085449219,683.6403198242188,84.73431396484375,87.86111450195312,78.50221252441406
2026-01-23,58.764556884765625,458.0,683.8883056640625,84.96621704101562,88.03614044189453,78.94892120361328
2026-01-26,58.864036560058594,464.70001220703125,687.3612060546875,85.3720703125,87.9194564819336,79.27650451660156
2026-01-27,60.02798843383789,476.1000061035156,690.0997924804688,84.8405990600586,87.89028930664062,80.5074462890625
2026-01-28,60.43586730957031,494.55999755859375,690.0303344726562,84.64734649658203,86.98600769042969,80.15007781982422
2026-01-29,60.127471923828125,495.8999938964844,688.6610717773438,84.66667175292969,88.2014389038086,80.35855102539062
2026-01-30,58.79439926147461,444.95001220703125,686.6071166992188,84.19319152832031,88.28895568847656,79.07798767089844
2026-02-02,58.97346878051758,427.1300048828125,690.0205078125,83.95263671875,87.37494659423828,79.52468872070312
2026-02-03,59.291812896728516,454.2900085449219,684.18603515625,84.15632629394531,87.18047332763672,79.72322082519531
2026-02-04,58.49595260620117,453.9700012207031,680.8719482421875,83.94293212890625,88.43479919433594,79.66366577148438
2026-02-05,58.22734832763672,441.8800048828125,672.3683471679688,84.85472869873047,88.30839538574219,78.71067810058594
2026-02-06,59.75938415527344,455.4599914550781,685.267578125,84.91292572021484,89.69884490966797,80.45782470703125
2026-02-09,60.19710922241211,467.0299987792969,688.5718383789062,84.89350891113281,90.07806396484375,81.5497817993164
2026-02-10,60.286643981933594,462.3999938964844,686.7559204101562,85.87321472167969,91.28376770019531,81.74832153320312
2026-02-11,61.24168014526367,467.6300048828125,686.5972290039062,85.41732025146484,90.77815246582031,82.38365173339844
2026-02-12,60.5452995300293,451.3900146484375,675.9901123046875,86.55221557617188,90.67119598388672,81.5299301147461
2026-02-13,60.803955078125,462.6199951171875,676.46630859375,87.02750396728516,91.97412872314453,81.79795837402344
2026-02-17,60.55524826049805,448.20001220703125,677.5578002929688,87.17300415039062,92.8492431640625,81.62920379638672
2026-02-18,60.873592376708984,458.2799987792969,680.9711303710938,86.84321594238281,91.76022338867188,81.90715789794922
2026-02-19,60.724369049072266,459.55999755859375,679.1751098632812,86.93051147460938,91.56574249267578,81.77810668945312
2026-02-20,62.01764678955078,468.6199951171875,684.0868530273438,86.72681427001953,92.25611114501953,82.76087188720703
2026-02-23,61.331214904785156,481.2799987792969,677.1013793945312,87.0468978881836,92.26583862304688,82.32408905029297
2026-02-24,62.296199798583984,474.6099853515625,682.0228881835938,87.20211791992188,92.49920654296875,82.81050109863281
2026-02-25,62.98263168334961,473.4200134277344,687.7780151367188,87.21180725097656,92.24639892578125,83.58480834960938
2026-02-26,62.38573455810547,477.4800109863281,683.957763671875,87.56098937988281,92.87841796875,83.34654998779297
2026-02-27,62.25640869140625,483.75,680.6734619140625,88.09449005126953,93.04371643066406,83.1976547241211
2026-03-02,61.18199157714844,490.0,681.0604858398438,87.2098388671875,93.2770767211914,81.79795837402344
2026-03-03,58.117916107177734,468.1400146484375,675.057373046875,87.03466033935547,92.78118133544922,78.97869873046875
2026-03-04,58.744659423828125,471.79998779296875,679.8201293945312,86.76215362548828,92.89785766601562,79.75299835205078
2026-03-05,57.33200454711914,466.1300048828125,676.02978515625,86.41180419921875,91.96441650390625,78.14484405517578
2026-03-06,57.02360534667969,473.510009765625,667.1689453125,86.09063720703125,90.96289825439453,77.4102554321289
2026-03-09,58.147762298583984,472.5299987792969,673.0133666992188,86.84002685546875,91.16709899902344,78.37316131591797
2026-03-10,58.37657165527344,477.8599853515625,671.9317626953125,85.91545867919922,91.03096008300781,78.54192352294922
2026-03-11,58.52579879760742,476.239990234375,671.08837890625,84.80599975585938,90.0877914428711,78.46250915527344
2026-03-12,56.655517578125,466.8800048828125,660.89794921875,84.64054107666016,89.46549224853516,76.90397644042969
2026-03-13,56.50629425048828,460.8399963378906,657.1571655273438,84.2220687866211,89.61134338378906,76.17931365966797
2026-03-16,58.078125,460.42999267578125,663.844970703125,84.8741226196289,90.36004638671875,77.69812774658203
2026-03-17,58.44620895385742,459.2699890136719,665.5912475585938,85.10770416259766,90.75870513916016,78.03564453125
2026-03-18,57.262367248535156,444.739990234375,656.3037719726562,84.63081359863281,89.4168701171875,76.68558502197266
2026-03-19,57.322052001953125,426.4100036621094,654.6864624023438,85.1466293334961,89.05709075927734,76.58631134033203
2026-03-20,55.352291107177734,413.3800048828125,645.301025390625,83.53108978271484,86.29564666748047,74.24112701416016
2026-03-23,57.01365661621094,404.0400085449219,652.07666015625,84.07608032226562,86.96656036376953,76.09939575195312
2026-03-24,56.22774124145508,404.1300048828125,649.8877563476562,83.70626068115234,86.39264678955078,75.47334289550781
2026-03-25,57.123085021972656,416.2900085449219,653.5093994140625,84.51403045654297,86.32384490966797,76.59626007080078
2026-03-26,55.18317413330078,400.6400146484375,641.8385620117188,83.8035888671875,86.20591735839844,74.7280502319336
2026-03-27,54.91456985473633,414.70001220703125,630.8939819335938,83.34617614746094,85.49834442138672,74.22126007080078
2026-03-30,54.466896057128906,414.5799865722656,628.78466796875,84.45563507080078,85.82264709472656,74.16162872314453
2026-03-31,56.49634552001953,430.2900085449219,647.0620727539062,84.36805725097656,87.16899871826172,76.62606811523438
2026-04-01,56.9340705871582,437.82000732421875,651.9373779296875,84.28500366210938,87.48347473144531,77.52041625976562
2026-04-02,56.29737854003906,429.4100036621094,652.5244140625,84.80286407470703,88.67259979248047,76.99374389648438
2026-04-06,56.814693450927734,427.6499938964844,655.6088256835938,84.66606903076172,88.80034637451172,77.48066711425781
2026-04-07,57.01365661621094,431.80999755859375,655.8972778320312,84.65629577636719,88.9281005859375,77.53034973144531
2026-04-08,60.127471923828125,434.5299987792969,672.6027221679688,84.92987823486328,90.52997589111328,80.72021484375
2026-04-09,59.968299865722656,437.9100036621094,676.4829711914062,84.71491241455078,91.17858123779297,80.56121063232422
2026-04-10,60.24685287475586,437.1300048828125,676.0353393554688,84.50973510742188,91.37512969970703,80.75994873046875
2026-04-13,60.754215240478516,435.3599853515625,682.641845703125,84.76377868652344,91.71908569335938,81.37606811523438
2026-04-14,61.91816711425781,445.0899963378906,690.959716796875,85.21324157714844,92.5937271118164,82.29029083251953
2026-04-15,61.87837219238281,440.4599914550781,696.412109375,84.8419418334961,92.66251373291016,82.13129425048828
2026-04-16,62.127079010009766,440.0799865722656,698.1234130859375,84.30453491210938,93.51750183105469,82.11141967773438
2026-04-17,63.3109245300293,445.92999267578125,706.5607299804688,85.07645416259766,95.01126861572266,83.22439575195312
2026-04-20,62.85330581665039,442.0899963378906,705.1477661132812,85.0569076538086,95.35521697998047,82.95609283447266
2026-04-21,61.9281120300293,429.57000732421875,700.53125,84.58789825439453,93.66490936279297,81.36612701416016
2026-04-22,63.052268981933594,435.260009765625,707.6253051757812,84.7540054321289,92.88854217529297,82.07167053222656
2026-04-23,62.02759552001953,431.0400085449219,704.8792114257812,84.568359375,93.84180450439453,81.20713806152344
2026-04-24,63.41040802001953,433.25,710.341552734375,84.72468566894531,93.65509033203125,81.97229766845703
2026-04-27,63.3109245300293,429.8900146484375,711.5653076171875,84.30453491210938,93.14405822753906,81.82323455810547
2026-04-28,62.66428756713867,421.9100036621094,708.1028442382812,84.39247131347656,93.99903869628906,81.37606811523438
2026-04-29,62.36583709716797,417.4100036621094,707.993408203125,83.7378158569336,93.26199340820312,80.72021484375
2026-04-30,63.65911865234375,423.6600036621094,715.0377197265625,83.65965270996094,94.66730499267578,82.5387191772461
2026-05-01,63.79838943481445,423.17999267578125,717.0177001953125,83.95877838134766,94.40196228027344,82.44928741455078
2026-05-04,63.7685432434082,414.7099914550781,714.3909912109375,83.32130432128906,93.81232452392578,81.73381042480469
2026-05-05,65.06182861328125,418.2699890136719,720.1220092773438,83.78224182128906,94.10713958740234,82.88652801513672
2026-05-06,67.1410140991211,430.9599914550781,730.1312866210938,84.41969299316406,95.4141845703125,85.08265686035156
2026-05-07,66.24566650390625,431.67999267578125,727.8926391601562,83.99800109863281,94.72626495361328,83.72125244140625
2026-05-08,67.58869171142578,433.7699890136719,733.9021606445312,84.41969299316406,94.95230102539062,84.89385223388672
2026-05-11,67.53894805908203,434.6499938964844,735.5736694335938,83.90972900390625,95.02108764648438,84.85409545898438
2026-05-12,65.47965240478516,432.92999267578125,734.4593505859375,83.35071563720703,95.02108764648438,83.70137786865234
2026-05-13,66.86246490478516,430.5,738.5685424804688,83.16439056396484,94.23490142822266,84.54605102539062
2026-05-14,67.03158569335938,427.2099914550781,744.3989868164062,83.28207397460938,93.67473602294922,84.48641967773438
2026-05-15,64.73352813720703,417.2900085449219,735.4443969726562,82.04637908935547,92.28907775878906,82.58840942382812
2026-05-18,64.63404846191406,418.42999267578125,734.927001953125,81.94829559326172,93.3700942993164,83.00577545166016
2026-05-19,63.9277229309082,411.5,730.0317993164062,81.41870880126953,93.63542175292969,82.28035736083984
2026-05-20,65.12151336669922,417.3999938964844,737.5138549804688,82.29154968261719,94.82453918457031,83.64175415039062
2026-05-21,65.68856811523438,416.989990234375,738.9764404296875,82.59557342529297,95.00143432617188,84.04918670654297
2026-05-22,65.53933715820312,413.82000732421875,741.8817749023438,83.04669952392578,95.0997085571289,83.929931640625
2026-05-26,68.04631042480469,414.0,746.8068237304688,83.45861053466797,95.54194641113281,85.569580078125
2026-05-27,68.03636169433594,408.489990234375,746.677490234375,83.65475463867188,95.24711608886719,85.31121063232422
2026-05-28,68.2552261352539,412.7699890136719,750.7965698242188,84.08625030517578,94.88350677490234,85.45032501220703
2026-05-29,68.24527740478516,417.1199951171875,752.6671142578125,84.10586547851562,94.04817199707031,85.51988983154297
2026-06-01,69.7176284790039,411.260009765625,754.7167358398438,84.15116882324219,92.4659652709961,85.76832580566406
2026-06-02,70.43390655517578,411.95001220703125,755.7415771484375,84.3283920288086,92.88854217529297,86.41424560546875
2026-06-03,69.5584487915039,407.8699951171875,750.4384155273438,83.9936294555664,92.78044891357422,85.55963897705078
2026-06-04,68.74269104003906,411.2699890136719,753.2740478515625,84.18069458007812,94.44126892089844,85.70870208740234
2026-06-05,64.25601196289062,396.239990234375,733.83251953125,83.74749755859375,95.11936950683594,82.5089111328125
2026-06-08,65.4100112915039,397.2699890136719,735.4940795898438,83.31427764892578,93.82215118408203,83.21444702148438
2026-06-09,65.47965240478516,390.7799987792969,733.3350219726562,83.80656433105469,95.98417663574219,83.29395294189453
2026-06-10,64.32565307617188,374.5799865722656,721.7736206054688,83.57026672363281,95.99400329589844,82.07167053222656
2026-06-11,67.15096282958984,386.32000732421875,734.04150390625,84.65330505371094,95.92520904541016,84.80440521240234
2026-06-12,67.52899932861328,386.5400085449219,738.0113525390625,84.44652557373047,96.80967712402344,85.14228057861328
2026-06-15,69.75,396.54998779296875,751.0254516601562,84.39730834960938,96.131591796875,86.43412017822266
2026-06-16,68.63999938964844,397.6300048828125,746.5481567382812,84.86006164550781,96.36743927001953,86.08631134033203
2026-06-17,68.55999755859375,388.6000061035156,737.225341796875,84.9979019165039,93.9597396850586,85.60933685302734
2026-06-18,70.79000091552734,387.1199951171875,744.8902587890625,85.41141510009766,93.91059112548828,86.61351013183594
2026-06-22,71.20999908447266,384.5899963378906,742.546142578125,84.76158905029297,94.92281341552734,86.90299224853516
2026-06-23,67.16999816894531,377.32000732421875,731.7628784179688,84.8698959350586,96.1708984375,84.25777435302734
2026-06-24,67.25,365.9200134277344,731.4237060546875,86.03168487548828,96.17585754394531,84.1878890991211
2026-06-25,67.95999908447266,369.4599914550781,732.4810791015625,86.00215911865234,96.35430908203125,84.92656707763672
2026-06-26,67.19000244140625,373.6300048828125,727.1842651367188,86.01200103759766,97.82157897949219,84.32764434814453
2026-06-29,67.43000030517578,368.5799865722656,739.1644897460938,86.10061645507812,97.3060531616211,84.7768325805664
2026-06-30,68.41000366210938,368.3800048828125,744.9202270507812,85.08650207519531,95.60083770751953,85.33582305908203
2026-07-01,66.4800033569336,370.6000061035156,743.9127197265625,84.51136779785156,95.98748779296875,84.37755584716797
2026-07-02,65.69999694824219,378.1300048828125,742.9351806640625,84.5014877319336,97.17716217041016,84.6869888305664
2026-07-06,67.56999969482422,382.1300048828125,749.4190673828125,84.44219970703125,96.40386962890625,86.01459503173828
2026-07-07,65.72000122070312,377.489990234375,745.85791015625,83.55281066894531,97.55390167236328,84.4973373413086
2026-07-08,66.2300033569336,374.45001220703125,743.5536499023438,83.36505126953125,95.96765899658203,84.2877197265625
2026-07-09,66.77999877929688,378.17999267578125,749.8480224609375,83.4935073852539,96.25516510009766,84.74688720703125
2026-07-10,66.9000015258789,377.010009765625,753.0799560546875,83.4737548828125,96.48318481445312,85.18608856201172
2026-07-13,64.5,367.1300048828125,747.3142700195312,82.97965240478516,96.98880767822266,83.62890625
2026-07-14,65.66999816894531,372.1499938964844,749.9677124023438,83.0883560180664,96.73104095458984,84.50732421875
2026-07-15,65.56999969482422,372.3500061035156,752.9403076171875,83.2464599609375,97.01854705810547,84.83672332763672
2026-07-16,64.19000244140625,364.9599914550781,748.8604125976562,83.2168197631836,99.20954132080078,83.90840148925781
2026-07-17,63.290000915527344,368.4100036621094,741.4487915039062,83.52316284179688,99.15996551513672,83.21965026855469
2026-07-20,63.560001373291016,367.6000061035156,740.2518310546875,82.90059661865234,98.62461853027344,82.9201889038086
2026-07-21,65.33999633789062,374.80999755859375,746.426513671875,82.67330932617188,98.66426849365234,84.29769134521484
2026-07-22,64.98999786376953,379.1199951171875,745.55859375,82.45589447021484,98.16856384277344,84.30767822265625
2026-07-23,64.5999984741211,371.5199890136719,736.3515014648438,82.18907928466797,97.8414077758789,83.46920013427734
2026-07-24,63.33000183105469,371.8999938964844,737.099609375,82.26814270019531,99.94317626953125,83.24959564208984
2026-07-27,63.619998931884766,374.6300048828125,737.25927734375,82.76223754882812,99.67549896240234,83.63888549804688
2026-07-28,62.36000061035156,369.3699951171875,739.0248413085938,83.2464599609375,100.08197021484375,83.09986114501953
2026-07-29,61.06999969482422,371.0799865722656,727.6531372070312,81.87285614013672,99.79447174072266,82.24140930175781
2026-07-30,63.59000015258789,377.1600036621094,739.852783203125,81.82345581054688,98.63452911376953,84.61711883544922
2026-07-31,64.08999633789062,371.5400085449219,745.1796264648438,81.27993774414062,98.09916687011719,84.43743896484375
2026-08-03,64.31999969482422,371.7099914550781,755.793212890625,81.5478286743164,98.2181396484375,84.86666870117188
2026-08-04,66.0,374.1600036621094,769.4193725585938,82.17289733886719,98.06942749023438,86.2940902709961
2026-08-05,65.72000122070312,389.6400146484375,767.8831787109375,82.35150146484375,98.06942749023438,86.35398864746094
2026-08-06,65.0199966430664,389.6700134277344,766.65625,81.875244140625,97.1969985961914,86.16432189941406
2026-08-07,65.63999938964844,398.4700012207031,771.3446044921875,82.11337280273438,97.5836410522461,87.05271911621094
2026-08-10,65.16999816894531,402.5400085449219,771.1151733398438,81.41883850097656,96.27499389648438,86.67340850830078
2026-08-11,65.43000030517578,400.9599914550781,768.6513061523438,81.5478286743164,95.55126953125,86.76324462890625
2026-08-12,66.45999908447266,404.9200134277344,770.5764770507812,81.46845245361328,96.47327423095703,87.38212585449219
2026-08-13,66.68000030517578,398.9599914550781,775.9531860351562,81.94469451904297,97.73235321044922,87.56179809570312
2026-08-14,66.61000061035156,401.4800109863281,774.4169921875,81.39900207519531,97.9802017211914,87.54183197021484
2026-08-17,67.31999969482422,405.489990234375,770.7560424804688,80.71438598632812,97.13751220703125,87.71153259277344
2026-08-18,65.33999633789062,398.54998779296875,765.5490112304688,81.02196502685547,96.78060913085938,86.28411102294922
2026-08-19,66.11000061035156,413.8399963378906,767.1549682617188,82.371337890625,97.76209259033203,86.81315612792969
2026-08-20,66.62000274658203,415.260009765625,760.7109985351562,81.6966552734375,97.75218200683594,86.873046875
2026-08-21,67.12000274658203,423.3599853515625,763.8232421875,81.40892028808594,97.65303802490234,87.55181884765625
2026-08-24,66.11000061035156,426.69000244140625,761.5787963867188,81.91493225097656,98.24787902832031,87.04273223876953
2026-08-25,67.25,428.07000732421875,764.0127563476562,82.81782531738281,98.39659118652344,87.9610824584961
2026-08-26,67.16999816894531,421.32000732421875,764.182373046875,82.64915466308594,97.76209259033203,87.66162109375
2026-08-27,67.61000061035156,422.6000061035156,769.18994140625,82.48047637939453,96.81034851074219,87.77142333984375
2026-08-28,67.13999938964844,408.8900146484375,767.4442749023438,82.23242950439453,96.40386962890625,87.3621597290039
2026-08-31,67.0199966430664,408.4200134277344,765.1499633789062,81.875244140625,95.61075592041016,87.16252136230469
2026-09-01,66.7699966430664,396.75,759.89306640625,81.54159545898438,95.47196197509766,86.55361938476562
2026-09-02,67.1500015258789,402.7799987792969,763.2646484375,81.62126922607422,94.95642852783203,87.00281524658203
2026-09-03,67.47000122070312,410.2200012207031,771.2548217773438,81.74079132080078,95.82886505126953,87.81134796142578
2026-09-04,68.69999694824219,406.7699890136719,768.2822265625,81.8802261352539,95.1943588256836,88.25055694580078
2026-09-08,68.83000183105469,399.7200012207031,764.0626831054688,81.8702621459961,95.10514068603516,87.92115020751953
2026-09-09,68.4800033569336,403.3500061035156,760.5115356445312,81.40216064453125,94.1236572265625,87.25236511230469
2026-09-10,67.0,396.3599853515625,755.9528198242188,80.45596313476562,93.31070709228516,86.12439727783203
2026-09-11,67.83999633789062,398.7699890136719,762.3967895507812,80.54560852050781,93.98485565185547,86.98284912109375
2026-09-14,65.98999786376953,392.8399963378906,758.9952392578125,80.60536193847656,93.5188980102539,85.88483428955078
2026-09-15,65.76000213623047,394.1499938964844,755.513916015625,80.38624572753906,93.2908706665039,85.53546142578125
2026-09-16,65.72000122070312,391.739990234375,752.1821899414062,80.55555725097656,92.67620849609375,85.25597381591797
2026-09-17,66.91000366210938,398.3599853515625,760.7109985351562,81.45195007324219,93.00336456298828,86.34400177001953
2026-09-18,67.02999877929688,401.1700134277344,761.6900024414062,80.92407989501953,92.11111450195312,85.87999725341797
2026-09-21,68.83000183105469,398.3800048828125,773.5,81.47187805175781,93.00336456298828,87.1500015258789
2026-09-22,69.0999984741211,400.07000732421875,773.3800048828125,81.42207336425781,92.81500244140625,87.48999786376953
2026-09-23,67.70999908447266,392.8800048828125,767.8099975585938,80.13724517822266,91.44999694824219,85.91999816894531
2026-09-24,67.25,391.69000244140625,767.1799926757812,79.1014175415039,91.16999816894531,85.58999633789062
2026-09-25,67.9800033569336,393.4100036621094,771.3499755859375,79.00182342529297,90.98999786376953,86.3499984741211
2026-09-28,67.19999694824219,377.9100036621094,765.6099853515625,78.30463409423828,90.58999633789062,85.75
2026-09-29,67.4000015258789,382.8900146484375,764.2000122070312,77.91619873046875,90.52999877929688,85.5199966430664
2026-09-30,66.79000091552734,380.8399963378906,762.6300048828125,77.4679946899414,89.62999725341797,84.95999908447266
2026-10-01,66.80999755859375,382.760009765625,763.989990234375,77.70999908447266,89.16999816894531,84.45999908447266
2026-10-02,67.66999816894531,380.1400146484375,769.6400146484375,77.4800033569336,89.5,85.43000030517578
2026-10-05,68.68000030517578,378.57000732421875,774.2899780273438,76.75,89.31500244140625,85.7249984741211
